"Time","Date","---","Sensor Name","Data"
"12:21:45","7/11/17","DATA","PRESSURE_S:","1012.40"
"12:21:46","7/11/17","DATA","PRESSURE_S:","1011.50"
"12:21:48","7/11/17","DATA","PRESSURE_S:","1011.30"
"12:21:50","7/11/17","DATA","PRESSURE_S:","1011.00"
"12:21:52","7/11/17","DATA","PRESSURE_S:","1011.30"
"12:21:55","7/11/17","DATA","PRESSURE_S:","1011.80"
"12:21:56","7/11/17","DATA","PRESSURE_S:","1012.10"
"12:21:59","7/11/17","DATA","PRESSURE_S:","1012.10"
"12:22:00","7/11/17","DATA","PRESSURE_S:","1012.40"
"12:23:50","7/11/17","DATA","PRESSURE_S:","1012.10"
"12:23:53","7/11/17","DATA","PRESSURE_S:","1011.00"
"12:23:54","7/11/17","DATA","PRESSURE_S:","1011.30"
"12:23:57","7/11/17","DATA","PRESSURE_S:","1006.00"
"12:23:58","7/11/17","DATA","PRESSURE_S:","978.20"
"12:24:01","7/11/17","DATA","PRESSURE_S:","942.90"
"12:24:03","7/11/17","DATA","PRESSURE_S:","902.60"
"12:24:05","7/11/17","DATA","PRESSURE_S:","853.90"
"12:24:07","7/11/17","DATA","PRESSURE_S:","820.50"
"12:24:08","7/11/17","DATA","PRESSURE_S:","789.40"
"12:24:11","7/11/17","DATA","PRESSURE_S:","752.10"
"12:24:12","7/11/17","DATA","PRESSURE_S:","726.20"
"12:24:15","7/11/17","DATA","PRESSURE_S:","693.90"
"12:24:16","7/11/17","DATA","PRESSURE_S:","670.80"
"12:24:19","7/11/17","DATA","PRESSURE_S:","641.90"
"12:24:20","7/11/17","DATA","PRESSURE_S:","620.80"
"12:24:23","7/11/17","DATA","PRESSURE_S:","594.40"
"12:24:25","7/11/17","DATA","PRESSURE_S:","576.40"
"12:24:27","7/11/17","DATA","PRESSURE_S:","552.00"
"12:24:29","7/11/17","DATA","PRESSURE_S:","534.80"
"12:24:30","7/11/17","DATA","PRESSURE_S:","517.90"
"12:24:33","7/11/17","DATA","PRESSURE_S:","497.10"
"12:24:34","7/11/17","DATA","PRESSURE_S:","481.90"
"12:24:37","7/11/17","DATA","PRESSURE_S:","461.90"
"12:24:38","7/11/17","DATA","PRESSURE_S:","447.30"
"12:24:41","7/11/17","DATA","PRESSURE_S:","429.00"
"12:24:43","7/11/17","DATA","PRESSURE_S:","415.80"
"12:24:45","7/11/17","DATA","PRESSURE_S:","399.20"
"12:24:47","7/11/17","DATA","PRESSURE_S:","386.20"
"12:24:49","7/11/17","DATA","PRESSURE_S:","370.80"
"12:24:51","7/11/17","DATA","PRESSURE_S:","358.60"
"12:24:52","7/11/17","DATA","PRESSURE_S:","347.30"
"12:24:55","7/11/17","DATA","PRESSURE_S:","333.00"
"12:24:56","7/11/17","DATA","PRESSURE_S:","322.80"
"12:24:59","7/11/17","DATA","PRESSURE_S:","309.00"
"12:25:00","7/11/17","DATA","PRESSURE_S:","300.20"
"12:25:03","7/11/17","DATA","PRESSURE_S:","287.00"
"12:25:05","7/11/17","DATA","PRESSURE_S:","278.80"
"12:25:07","7/11/17","DATA","PRESSURE_S:","267.20"
"12:25:09","7/11/17","DATA","PRESSURE_S:","258.70"
"12:25:11","7/11/17","DATA","PRESSURE_S:","247.90"
"12:25:13","7/11/17","DATA","PRESSURE_S:","239.40"
"12:25:14","7/11/17","DATA","PRESSURE_S:","231.70"
"12:25:17","7/11/17","DATA","PRESSURE_S:","221.80"
"12:25:18","7/11/17","DATA","PRESSURE_S:","214.90"
"12:25:21","7/11/17","DATA","PRESSURE_S:","205.60"
"12:25:23","7/11/17","DATA","PRESSURE_S:","198.70"
"12:25:25","7/11/17","DATA","PRESSURE_S:","190.50"
"12:25:27","7/11/17","DATA","PRESSURE_S:","184.70"
"12:25:29","7/11/17","DATA","PRESSURE_S:","176.20"
"12:25:31","7/11/17","DATA","PRESSURE_S:","170.20"
"12:25:33","7/11/17","DATA","PRESSURE_S:","162.20"
"12:25:35","7/11/17","DATA","PRESSURE_S:","157.20"
"12:25:36","7/11/17","DATA","PRESSURE_S:","152.00"
"12:25:39","7/11/17","DATA","PRESSURE_S:","145.40"
"12:25:40","7/11/17","DATA","PRESSURE_S:","140.50"
"12:25:43","7/11/17","DATA","PRESSURE_S:","134.70"
"12:25:45","7/11/17","DATA","PRESSURE_S:","130.00"
"12:25:47","7/11/17","DATA","PRESSURE_S:","124.60"
"12:25:49","7/11/17","DATA","PRESSURE_S:","120.20"
"12:25:51","7/11/17","DATA","PRESSURE_S:","114.40"
"12:25:53","7/11/17","DATA","PRESSURE_S:","110.30"
"12:25:55","7/11/17","DATA","PRESSURE_S:","105.30"
"12:25:57","7/11/17","DATA","PRESSURE_S:","102.30"
"12:25:58","7/11/17","DATA","PRESSURE_S:","99.00"
"12:26:01","7/11/17","DATA","PRESSURE_S:","94.00"
"12:26:02","7/11/17","DATA","PRESSURE_S:","91.20"
"12:26:05","7/11/17","DATA","PRESSURE_S:","87.10"
"12:26:07","7/11/17","DATA","PRESSURE_S:","84.30"
"12:26:09","7/11/17","DATA","PRESSURE_S:","80.20"
"12:26:11","7/11/17","DATA","PRESSURE_S:","77.70"
"12:26:13","7/11/17","DATA","PRESSURE_S:","74.00"
"12:26:15","7/11/17","DATA","PRESSURE_S:","72.40"
"12:26:17","7/11/17","DATA","PRESSURE_S:","68.80"
"12:26:19","7/11/17","DATA","PRESSURE_S:","65.70"
"12:26:20","7/11/17","DATA","PRESSURE_S:","63.50"
"12:26:23","7/11/17","DATA","PRESSURE_S:","60.70"
"12:26:25","7/11/17","DATA","PRESSURE_S:","59.30"
"12:26:27","7/11/17","DATA","PRESSURE_S:","56.20"
"12:26:29","7/11/17","DATA","PRESSURE_S:","54.60"
"12:26:31","7/11/17","DATA","PRESSURE_S:","51.50"
"12:26:33","7/11/17","DATA","PRESSURE_S:","50.10"
"12:26:35","7/11/17","DATA","PRESSURE_S:","48.10"
"12:26:37","7/11/17","DATA","PRESSURE_S:","45.90"
"12:26:39","7/11/17","DATA","PRESSURE_S:","44.00"
"12:26:41","7/11/17","DATA","PRESSURE_S:","42.30"
"12:26:42","7/11/17","DATA","PRESSURE_S:","41.10"
"12:26:45","7/11/17","DATA","PRESSURE_S:","38.60"
"12:26:47","7/11/17","DATA","PRESSURE_S:","37.20"
"12:26:49","7/11/17","DATA","PRESSURE_S:","36.10"
"12:26:51","7/11/17","DATA","PRESSURE_S:","34.40"
"12:26:53","7/11/17","DATA","PRESSURE_S:","32.70"
"12:26:55","7/11/17","DATA","PRESSURE_S:","31.80"
"12:26:57","7/11/17","DATA","PRESSURE_S:","30.40"
"12:26:59","7/11/17","DATA","PRESSURE_S:","29.00"
"12:27:01","7/11/17","DATA","PRESSURE_S:","27.60"
"12:27:03","7/11/17","DATA","PRESSURE_S:","27.00"
"12:27:05","7/11/17","DATA","PRESSURE_S:","25.90"
"12:27:07","7/11/17","DATA","PRESSURE_S:","24.70"
"12:27:09","7/11/17","DATA","PRESSURE_S:","24.10"
"12:27:11","7/11/17","DATA","PRESSURE_S:","22.70"
"12:27:13","7/11/17","DATA","PRESSURE_S:","21.60"
"12:27:15","7/11/17","DATA","PRESSURE_S:","21.00"
"12:27:17","7/11/17","DATA","PRESSURE_S:","19.30"
"12:27:19","7/11/17","DATA","PRESSURE_S:","18.70"
"12:27:21","7/11/17","DATA","PRESSURE_S:","18.10"
"12:27:23","7/11/17","DATA","PRESSURE_S:","17.20"
"12:27:25","7/11/17","DATA","PRESSURE_S:","15.60"
"12:27:27","7/11/17","DATA","PRESSURE_S:","15.80"
"12:27:29","7/11/17","DATA","PRESSURE_S:","15.50"
"12:27:31","7/11/17","DATA","PRESSURE_S:","14.90"
"12:27:33","7/11/17","DATA","PRESSURE_S:","13.70"
"12:27:35","7/11/17","DATA","PRESSURE_S:","13.20"
"12:27:37","7/11/17","DATA","PRESSURE_S:","12.60"
"12:27:39","7/11/17","DATA","PRESSURE_S:","12.20"
"12:27:41","7/11/17","DATA","PRESSURE_S:","11.90"
"12:27:43","7/11/17","DATA","PRESSURE_S:","11.60"
"12:27:45","7/11/17","DATA","PRESSURE_S:","11.00"
"12:27:47","7/11/17","DATA","PRESSURE_S:","9.90"
"12:27:49","7/11/17","DATA","PRESSURE_S:","9.90"
"12:27:51","7/11/17","DATA","PRESSURE_S:","9.50"
"12:27:53","7/11/17","DATA","PRESSURE_S:","8.90"
"12:27:55","7/11/17","DATA","PRESSURE_S:","8.10"
"12:27:57","7/11/17","DATA","PRESSURE_S:","8.00"
"12:27:59","7/11/17","DATA","PRESSURE_S:","7.40"
"12:28:01","7/11/17","DATA","PRESSURE_S:","7.40"
"12:28:03","7/11/17","DATA","PRESSURE_S:","6.80"
"12:28:05","7/11/17","DATA","PRESSURE_S:","6.20"
"12:28:07","7/11/17","DATA","PRESSURE_S:","5.90"
"12:28:09","7/11/17","DATA","PRESSURE_S:","6.10"
"12:28:11","7/11/17","DATA","PRESSURE_S:","6.40"
"12:28:13","7/11/17","DATA","PRESSURE_S:","5.80"
"12:28:15","7/11/17","DATA","PRESSURE_S:","4.10"
"12:28:17","7/11/17","DATA","PRESSURE_S:","4.90"
"12:28:19","7/11/17","DATA","PRESSURE_S:","4.60"
"12:28:21","7/11/17","DATA","PRESSURE_S:","4.50"
"12:28:23","7/11/17","DATA","PRESSURE_S:","4.20"
"12:28:25","7/11/17","DATA","PRESSURE_S:","3.30"
"12:28:27","7/11/17","DATA","PRESSURE_S:","3.90"
"12:28:29","7/11/17","DATA","PRESSURE_S:","3.30"
"12:28:31","7/11/17","DATA","PRESSURE_S:","2.90"
"12:28:33","7/11/17","DATA","PRESSURE_S:","3.20"
"12:28:35","7/11/17","DATA","PRESSURE_S:","2.60"
"12:28:37","7/11/17","DATA","PRESSURE_S:","2.80"
"12:28:39","7/11/17","DATA","PRESSURE_S:","2.50"
"12:28:41","7/11/17","DATA","PRESSURE_S:","2.20"
"12:28:43","7/11/17","DATA","PRESSURE_S:","1.90"
"12:28:45","7/11/17","DATA","PRESSURE_S:","1.90"
"12:28:47","7/11/17","DATA","PRESSURE_S:","1.50"
"12:28:49","7/11/17","DATA","PRESSURE_S:","2.10"
"12:28:51","7/11/17","DATA","PRESSURE_S:","2.00"
"12:28:53","7/11/17","DATA","PRESSURE_S:","1.20"
"12:28:55","7/11/17","DATA","PRESSURE_S:","1.70"
"12:28:57","7/11/17","DATA","PRESSURE_S:","1.40"
"12:28:59","7/11/17","DATA","PRESSURE_S:","0.80"
"12:29:01","7/11/17","DATA","PRESSURE_S:","1.30"
"12:29:03","7/11/17","DATA","PRESSURE_S:","1.00"
"12:29:05","7/11/17","DATA","PRESSURE_S:","0.10"
"12:29:07","7/11/17","DATA","PRESSURE_S:","0.60"
"12:29:09","7/11/17","DATA","PRESSURE_S:","0.90"
"12:29:11","7/11/17","DATA","PRESSURE_S:","0.90"
"12:29:13","7/11/17","DATA","PRESSURE_S:","0.50"
"12:29:15","7/11/17","DATA","PRESSURE_S:","0.50"
"12:29:17","7/11/17","DATA","PRESSURE_S:","0.50"
"12:29:19","7/11/17","DATA","PRESSURE_S:","0.00"
"12:29:21","7/11/17","DATA","PRESSURE_S:","0.00"
"12:29:23","7/11/17","DATA","PRESSURE_S:","0.10"
"12:29:25","7/11/17","DATA","PRESSURE_S:","-0.10"
"12:29:27","7/11/17","DATA","PRESSURE_S:","-0.40"
"12:29:29","7/11/17","DATA","PRESSURE_S:","0.30"
"12:29:31","7/11/17","DATA","PRESSURE_S:","0.00"
"12:29:33","7/11/17","DATA","PRESSURE_S:","-0.20"
"12:29:35","7/11/17","DATA","PRESSURE_S:","-0.30"
"12:29:37","7/11/17","DATA","PRESSURE_S:","-0.60"
"12:29:39","7/11/17","DATA","PRESSURE_S:","0.00"
"12:29:41","7/11/17","DATA","PRESSURE_S:","-0.60"
"12:29:43","7/11/17","DATA","PRESSURE_S:","-0.70"
"12:29:45","7/11/17","DATA","PRESSURE_S:","-1.00"
"12:29:47","7/11/17","DATA","PRESSURE_S:","-0.40"
"12:29:49","7/11/17","DATA","PRESSURE_S:","-0.80"
"12:29:51","7/11/17","DATA","PRESSURE_S:","-0.80"
"12:29:53","7/11/17","DATA","PRESSURE_S:","-1.40"
"12:29:55","7/11/17","DATA","PRESSURE_S:","-0.60"
"12:29:57","7/11/17","DATA","PRESSURE_S:","-0.60"
"12:29:59","7/11/17","DATA","PRESSURE_S:","-1.20"
"12:30:01","7/11/17","DATA","PRESSURE_S:","-0.90"
"12:30:03","7/11/17","DATA","PRESSURE_S:","-1.20"
"12:30:05","7/11/17","DATA","PRESSURE_S:","-0.70"
"12:30:07","7/11/17","DATA","PRESSURE_S:","-1.80"
"12:30:09","7/11/17","DATA","PRESSURE_S:","-1.30"
"12:30:11","7/11/17","DATA","PRESSURE_S:","-1.30"
"12:30:13","7/11/17","DATA","PRESSURE_S:","-1.40"
"12:30:15","7/11/17","DATA","PRESSURE_S:","-1.70"
"12:30:17","7/11/17","DATA","PRESSURE_S:","-0.90"
"12:30:19","7/11/17","DATA","PRESSURE_S:","-0.90"
"12:30:21","7/11/17","DATA","PRESSURE_S:","-1.70"
"12:30:23","7/11/17","DATA","PRESSURE_S:","-1.20"
"12:30:25","7/11/17","DATA","PRESSURE_S:","-1.80"
"12:30:27","7/11/17","DATA","PRESSURE_S:","-1.00"
"12:30:29","7/11/17","DATA","PRESSURE_S:","-1.80"
"12:30:31","7/11/17","DATA","PRESSURE_S:","-2.20"
"12:30:33","7/11/17","DATA","PRESSURE_S:","-1.90"
"12:30:35","7/11/17","DATA","PRESSURE_S:","-1.90"
"12:30:37","7/11/17","DATA","PRESSURE_S:","-1.70"
"12:30:39","7/11/17","DATA","PRESSURE_S:","-1.70"
"12:30:41","7/11/17","DATA","PRESSURE_S:","-1.70"
"12:30:43","7/11/17","DATA","PRESSURE_S:","-2.00"
"12:30:45","7/11/17","DATA","PRESSURE_S:","-1.50"
"12:30:47","7/11/17","DATA","PRESSURE_S:","-1.80"
"12:30:49","7/11/17","DATA","PRESSURE_S:","-1.50"
"12:30:51","7/11/17","DATA","PRESSURE_S:","-1.00"
"12:30:53","7/11/17","DATA","PRESSURE_S:","-1.60"
"12:30:55","7/11/17","DATA","PRESSURE_S:","-1.60"
"12:30:57","7/11/17","DATA","PRESSURE_S:","-1.90"
"12:30:59","7/11/17","DATA","PRESSURE_S:","-1.90"
"12:31:01","7/11/17","DATA","PRESSURE_S:","-1.10"
"12:31:03","7/11/17","DATA","PRESSURE_S:","-2.00"
"12:31:05","7/11/17","DATA","PRESSURE_S:","-1.40"
"12:31:07","7/11/17","DATA","PRESSURE_S:","-1.70"
"12:31:09","7/11/17","DATA","PRESSURE_S:","-1.70"
"12:31:11","7/11/17","DATA","PRESSURE_S:","-1.80"
"12:31:13","7/11/17","DATA","PRESSURE_S:","-1.50"
"12:31:15","7/11/17","DATA","PRESSURE_S:","-1.50"
"12:31:17","7/11/17","DATA","PRESSURE_S:","-1.30"
"12:31:19","7/11/17","DATA","PRESSURE_S:","-1.60"
"12:31:21","7/11/17","DATA","PRESSURE_S:","-1.90"
"12:31:23","7/11/17","DATA","PRESSURE_S:","-1.30"
"12:31:25","7/11/17","DATA","PRESSURE_S:","-1.90"
"12:31:27","7/11/17","DATA","PRESSURE_S:","-2.20"
"12:31:29","7/11/17","DATA","PRESSURE_S:","-1.40"
"12:31:31","7/11/17","DATA","PRESSURE_S:","-2.20"
"12:31:33","7/11/17","DATA","PRESSURE_S:","-1.70"
"12:31:35","7/11/17","DATA","PRESSURE_S:","-2.60"
"12:31:37","7/11/17","DATA","PRESSURE_S:","-2.00"
"12:31:39","7/11/17","DATA","PRESSURE_S:","-2.60"
"12:31:41","7/11/17","DATA","PRESSURE_S:","-2.10"
"12:31:43","7/11/17","DATA","PRESSURE_S:","-1.80"
"12:31:45","7/11/17","DATA","PRESSURE_S:","-2.10"
"12:31:47","7/11/17","DATA","PRESSURE_S:","-2.10"
"12:31:49","7/11/17","DATA","PRESSURE_S:","-2.40"
"12:31:51","7/11/17","DATA","PRESSURE_S:","-2.10"
"12:31:53","7/11/17","DATA","PRESSURE_S:","-2.20"
"12:31:55","7/11/17","DATA","PRESSURE_S:","-2.70"
"12:31:57","7/11/17","DATA","PRESSURE_S:","-2.20"
"12:31:59","7/11/17","DATA","PRESSURE_S:","-2.20"
"12:32:01","7/11/17","DATA","PRESSURE_S:","-1.70"
"12:32:03","7/11/17","DATA","PRESSURE_S:","-2.20"
"12:32:05","7/11/17","DATA","PRESSURE_S:","-2.30"
"12:32:07","7/11/17","DATA","PRESSURE_S:","-2.60"
"12:32:09","7/11/17","DATA","PRESSURE_S:","-2.30"
"12:32:11","7/11/17","DATA","PRESSURE_S:","-2.00"
"12:32:13","7/11/17","DATA","PRESSURE_S:","-2.00"
"12:32:15","7/11/17","DATA","PRESSURE_S:","-2.60"
"12:32:17","7/11/17","DATA","PRESSURE_S:","-2.60"
"12:32:19","7/11/17","DATA","PRESSURE_S:","-2.40"
"12:32:21","7/11/17","DATA","PRESSURE_S:","-2.10"
"12:32:23","7/11/17","DATA","PRESSURE_S:","-2.40"
"12:32:25","7/11/17","DATA","PRESSURE_S:","-2.40"
"12:32:27","7/11/17","DATA","PRESSURE_S:","-2.40"
"12:32:29","7/11/17","DATA","PRESSURE_S:","-3.00"
"12:32:31","7/11/17","DATA","PRESSURE_S:","-2.20"
"12:32:33","7/11/17","DATA","PRESSURE_S:","-1.90"
"12:32:35","7/11/17","DATA","PRESSURE_S:","-1.90"
"12:32:37","7/11/17","DATA","PRESSURE_S:","-2.20"
"12:32:39","7/11/17","DATA","PRESSURE_S:","-2.20"
"12:32:41","7/11/17","DATA","PRESSURE_S:","-2.00"
"12:32:43","7/11/17","DATA","PRESSURE_S:","-2.80"
"12:32:45","7/11/17","DATA","PRESSURE_S:","-2.30"
"12:32:47","7/11/17","DATA","PRESSURE_S:","-1.70"
"12:32:49","7/11/17","DATA","PRESSURE_S:","-2.00"
"12:32:51","7/11/17","DATA","PRESSURE_S:","-2.60"
"12:32:53","7/11/17","DATA","PRESSURE_S:","-2.10"
"12:32:55","7/11/17","DATA","PRESSURE_S:","-2.10"
"12:32:57","7/11/17","DATA","PRESSURE_S:","-1.50"
"12:32:59","7/11/17","DATA","PRESSURE_S:","-2.40"
"12:33:01","7/11/17","DATA","PRESSURE_S:","-2.10"
"12:33:03","7/11/17","DATA","PRESSURE_S:","-2.40"
"12:33:05","7/11/17","DATA","PRESSURE_S:","-2.10"
"12:33:07","7/11/17","DATA","PRESSURE_S:","-1.90"
"12:33:09","7/11/17","DATA","PRESSURE_S:","-2.70"
"12:33:11","7/11/17","DATA","PRESSURE_S:","-2.50"
"12:33:13","7/11/17","DATA","PRESSURE_S:","-2.70"
"12:33:15","7/11/17","DATA","PRESSURE_S:","-2.50"
"12:33:17","7/11/17","DATA","PRESSURE_S:","-2.50"
"12:33:19","7/11/17","DATA","PRESSURE_S:","-2.20"
"12:33:21","7/11/17","DATA","PRESSURE_S:","-1.70"
"12:33:23","7/11/17","DATA","PRESSURE_S:","-2.50"
"12:33:25","7/11/17","DATA","PRESSURE_S:","-1.70"
"12:33:27","7/11/17","DATA","PRESSURE_S:","-3.10"
"12:33:29","7/11/17","DATA","PRESSURE_S:","-2.00"
"12:33:31","7/11/17","DATA","PRESSURE_S:","-2.90"
"12:33:34","7/11/17","DATA","PRESSURE_S:","-2.90"
"12:33:35","7/11/17","DATA","PRESSURE_S:","-2.60"
"12:33:37","7/11/17","DATA","PRESSURE_S:","-2.60"
"12:33:39","7/11/17","DATA","PRESSURE_S:","-2.10"
"12:33:41","7/11/17","DATA","PRESSURE_S:","-2.30"
"12:33:43","7/11/17","DATA","PRESSURE_S:","-2.40"
"12:33:45","7/11/17","DATA","PRESSURE_S:","-2.40"
"12:33:47","7/11/17","DATA","PRESSURE_S:","-1.80"
"12:33:49","7/11/17","DATA","PRESSURE_S:","-3.00"
"12:33:51","7/11/17","DATA","PRESSURE_S:","-2.10"
"12:33:53","7/11/17","DATA","PRESSURE_S:","-2.10"
"12:33:56","7/11/17","DATA","PRESSURE_S:","-3.30"
"12:33:57","7/11/17","DATA","PRESSURE_S:","-2.70"
"12:33:59","7/11/17","DATA","PRESSURE_S:","-2.40"
"12:34:01","7/11/17","DATA","PRESSURE_S:","-3.00"
"12:34:03","7/11/17","DATA","PRESSURE_S:","-2.50"
"12:34:05","7/11/17","DATA","PRESSURE_S:","-2.50"
"12:34:07","7/11/17","DATA","PRESSURE_S:","-2.20"
"12:34:09","7/11/17","DATA","PRESSURE_S:","-2.20"
"12:34:11","7/11/17","DATA","PRESSURE_S:","-2.50"
"12:34:14","7/11/17","DATA","PRESSURE_S:","-2.80"
"12:34:15","7/11/17","DATA","PRESSURE_S:","-2.20"
"12:34:17","7/11/17","DATA","PRESSURE_S:","-2.00"
"12:34:19","7/11/17","DATA","PRESSURE_S:","-2.50"
"12:34:21","7/11/17","DATA","PRESSURE_S:","-2.80"
"12:34:23","7/11/17","DATA","PRESSURE_S:","-2.60"
"12:34:25","7/11/17","DATA","PRESSURE_S:","-2.60"
"12:34:27","7/11/17","DATA","PRESSURE_S:","-2.60"
"12:34:29","7/11/17","DATA","PRESSURE_S:","-2.30"
"12:34:31","7/11/17","DATA","PRESSURE_S:","-2.60"
"12:34:33","7/11/17","DATA","PRESSURE_S:","-2.00"
"12:34:36","7/11/17","DATA","PRESSURE_S:","-2.30"
"12:34:37","7/11/17","DATA","PRESSURE_S:","-2.60"
"12:34:39","7/11/17","DATA","PRESSURE_S:","-2.60"
"12:34:41","7/11/17","DATA","PRESSURE_S:","-2.10"
"12:34:43","7/11/17","DATA","PRESSURE_S:","-2.60"
"12:34:45","7/11/17","DATA","PRESSURE_S:","-2.70"
"12:34:47","7/11/17","DATA","PRESSURE_S:","-2.40"
"12:34:49","7/11/17","DATA","PRESSURE_S:","-2.10"
"12:34:51","7/11/17","DATA","PRESSURE_S:","-2.10"
"12:34:54","7/11/17","DATA","PRESSURE_S:","-2.40"
"12:34:55","7/11/17","DATA","PRESSURE_S:","-2.70"
"12:34:58","7/11/17","DATA","PRESSURE_S:","-2.40"
"12:34:59","7/11/17","DATA","PRESSURE_S:","-2.40"
"12:35:01","7/11/17","DATA","PRESSURE_S:","-2.70"
"12:35:03","7/11/17","DATA","PRESSURE_S:","-2.50"
"12:35:05","7/11/17","DATA","PRESSURE_S:","-2.70"
"12:35:07","7/11/17","DATA","PRESSURE_S:","-2.50"
"12:35:09","7/11/17","DATA","PRESSURE_S:","-2.50"
"12:35:11","7/11/17","DATA","PRESSURE_S:","-2.80"
"12:35:13","7/11/17","DATA","PRESSURE_S:","-3.10"
"12:35:16","7/11/17","DATA","PRESSURE_S:","-3.10"
"12:35:17","7/11/17","DATA","PRESSURE_S:","-2.50"
"12:35:20","7/11/17","DATA","PRESSURE_S:","-2.20"
"12:35:21","7/11/17","DATA","PRESSURE_S:","-2.50"
"12:35:23","7/11/17","DATA","PRESSURE_S:","-2.80"
"12:35:25","7/11/17","DATA","PRESSURE_S:","-2.80"
"12:35:27","7/11/17","DATA","PRESSURE_S:","-2.30"
"12:35:29","7/11/17","DATA","PRESSURE_S:","-2.60"
"12:35:31","7/11/17","DATA","PRESSURE_S:","-2.30"
"12:35:34","7/11/17","DATA","PRESSURE_S:","-2.60"
"12:35:35","7/11/17","DATA","PRESSURE_S:","-2.60"
"12:35:38","7/11/17","DATA","PRESSURE_S:","-2.30"
"12:35:39","7/11/17","DATA","PRESSURE_S:","-3.40"
"12:35:42","7/11/17","DATA","PRESSURE_S:","-2.60"
"12:35:43","7/11/17","DATA","PRESSURE_S:","-2.10"
"12:35:45","7/11/17","DATA","PRESSURE_S:","-2.60"
"12:35:47","7/11/17","DATA","PRESSURE_S:","-2.90"
"12:35:49","7/11/17","DATA","PRESSURE_S:","-2.60"
"12:35:51","7/11/17","DATA","PRESSURE_S:","-2.40"
"12:35:53","7/11/17","DATA","PRESSURE_S:","-2.10"
"12:35:56","7/11/17","DATA","PRESSURE_S:","-2.70"
"12:35:57","7/11/17","DATA","PRESSURE_S:","-2.90"
"12:36:00","7/11/17","DATA","PRESSURE_S:","-2.70"
"12:36:01","7/11/17","DATA","PRESSURE_S:","-2.40"
"12:36:04","7/11/17","DATA","PRESSURE_S:","-2.70"
"12:36:05","7/11/17","DATA","PRESSURE_S:","-3.00"
"12:36:07","7/11/17","DATA","PRESSURE_S:","-2.10"
"12:36:09","7/11/17","DATA","PRESSURE_S:","-2.40"
"12:36:11","7/11/17","DATA","PRESSURE_S:","-2.40"
"12:36:14","7/11/17","DATA","PRESSURE_S:","-1.90"
"12:36:15","7/11/17","DATA","PRESSURE_S:","-2.70"
"12:36:18","7/11/17","DATA","PRESSURE_S:","-2.70"
"12:36:19","7/11/17","DATA","PRESSURE_S:","-2.50"
"12:36:22","7/11/17","DATA","PRESSURE_S:","-2.70"
"12:36:23","7/11/17","DATA","PRESSURE_S:","-2.70"
"12:36:26","7/11/17","DATA","PRESSURE_S:","-2.50"
"12:36:27","7/11/17","DATA","PRESSURE_S:","-3.00"
"12:36:29","7/11/17","DATA","PRESSURE_S:","-2.20"
"12:36:31","7/11/17","DATA","PRESSURE_S:","-2.50"
"12:36:33","7/11/17","DATA","PRESSURE_S:","-3.10"
"12:36:36","7/11/17","DATA","PRESSURE_S:","-2.80"
"12:36:37","7/11/17","DATA","PRESSURE_S:","-3.10"
"12:36:40","7/11/17","DATA","PRESSURE_S:","-2.50"
"12:36:41","7/11/17","DATA","PRESSURE_S:","-2.50"
"12:36:44","7/11/17","DATA","PRESSURE_S:","-2.30"
"12:36:45","7/11/17","DATA","PRESSURE_S:","-2.50"
"12:36:48","7/11/17","DATA","PRESSURE_S:","-3.10"
"12:36:49","7/11/17","DATA","PRESSURE_S:","-2.60"
"12:36:51","7/11/17","DATA","PRESSURE_S:","-2.80"
"12:36:54","7/11/17","DATA","PRESSURE_S:","-2.80"
"12:36:55","7/11/17","DATA","PRESSURE_S:","-2.80"
"12:36:58","7/11/17","DATA","PRESSURE_S:","-2.60"
"12:36:59","7/11/17","DATA","PRESSURE_S:","-2.60"
"12:37:02","7/11/17","DATA","PRESSURE_S:","-2.90"
"12:37:03","7/11/17","DATA","PRESSURE_S:","-3.40"
"12:37:06","7/11/17","DATA","PRESSURE_S:","-2.90"
"12:37:07","7/11/17","DATA","PRESSURE_S:","-2.90"
"12:37:10","7/11/17","DATA","PRESSURE_S:","-2.90"
"12:37:11","7/11/17","DATA","PRESSURE_S:","-2.60"
"12:37:13","7/11/17","DATA","PRESSURE_S:","-2.60"
"12:37:16","7/11/17","DATA","PRESSURE_S:","-2.60"
"12:37:17","7/11/17","DATA","PRESSURE_S:","-2.60"
"12:37:20","7/11/17","DATA","PRESSURE_S:","-3.20"
"12:37:21","7/11/17","DATA","PRESSURE_S:","-2.90"
"12:37:24","7/11/17","DATA","PRESSURE_S:","-3.20"
"12:37:25","7/11/17","DATA","PRESSURE_S:","-2.90"
"12:37:28","7/11/17","DATA","PRESSURE_S:","-2.70"
"12:37:29","7/11/17","DATA","PRESSURE_S:","-2.70"
"12:37:32","7/11/17","DATA","PRESSURE_S:","-2.90"
"12:37:34","7/11/17","DATA","PRESSURE_S:","-2.90"
"12:37:35","7/11/17","DATA","PRESSURE_S:","-3.00"
"12:37:38","7/11/17","DATA","PRESSURE_S:","-2.70"
"12:37:39","7/11/17","DATA","PRESSURE_S:","-2.70"
"12:37:42","7/11/17","DATA","PRESSURE_S:","-3.00"
"12:37:43","7/11/17","DATA","PRESSURE_S:","-2.70"
"12:37:46","7/11/17","DATA","PRESSURE_S:","-2.40"
"12:37:47","7/11/17","DATA","PRESSURE_S:","-2.70"
"12:37:50","7/11/17","DATA","PRESSURE_S:","-2.70"
"12:37:51","7/11/17","DATA","PRESSURE_S:","-2.40"
"12:37:54","7/11/17","DATA","PRESSURE_S:","-2.40"
"12:37:56","7/11/17","DATA","PRESSURE_S:","-2.70"
"12:37:57","7/11/17","DATA","PRESSURE_S:","-2.20"
"12:38:00","7/11/17","DATA","PRESSURE_S:","-3.30"
"12:38:01","7/11/17","DATA","PRESSURE_S:","-3.00"
"12:38:04","7/11/17","DATA","PRESSURE_S:","-3.00"
"12:38:05","7/11/17","DATA","PRESSURE_S:","-3.30"
"12:38:08","7/11/17","DATA","PRESSURE_S:","-2.50"
"12:38:09","7/11/17","DATA","PRESSURE_S:","-2.80"
"12:38:12","7/11/17","DATA","PRESSURE_S:","-2.80"
"12:38:14","7/11/17","DATA","PRESSURE_S:","-3.10"
"12:38:15","7/11/17","DATA","PRESSURE_S:","-2.80"
"12:38:18","7/11/17","DATA","PRESSURE_S:","-3.10"
"12:38:19","7/11/17","DATA","PRESSURE_S:","-2.80"
"12:38:22","7/11/17","DATA","PRESSURE_S:","-2.20"
"12:38:23","7/11/17","DATA","PRESSURE_S:","-3.10"
"12:38:26","7/11/17","DATA","PRESSURE_S:","-3.10"
"12:38:27","7/11/17","DATA","PRESSURE_S:","-2.20"
"12:38:30","7/11/17","DATA","PRESSURE_S:","-3.10"
"12:38:31","7/11/17","DATA","PRESSURE_S:","-2.80"
"12:38:34","7/11/17","DATA","PRESSURE_S:","-2.80"
"12:38:36","7/11/17","DATA","PRESSURE_S:","-2.50"
"12:38:37","7/11/17","DATA","PRESSURE_S:","-3.10"
"12:38:40","7/11/17","DATA","PRESSURE_S:","-3.10"
"12:38:41","7/11/17","DATA","PRESSURE_S:","-3.10"
"12:38:44","7/11/17","DATA","PRESSURE_S:","-2.60"
"12:38:45","7/11/17","DATA","PRESSURE_S:","-2.30"
"12:38:48","7/11/17","DATA","PRESSURE_S:","-3.40"
"12:38:49","7/11/17","DATA","PRESSURE_S:","-2.60"
"12:38:52","7/11/17","DATA","PRESSURE_S:","-3.40"
"12:38:54","7/11/17","DATA","PRESSURE_S:","-2.90"
"12:38:56","7/11/17","DATA","PRESSURE_S:","-3.10"
"12:38:58","7/11/17","DATA","PRESSURE_S:","-3.10"
"12:38:59","7/11/17","DATA","PRESSURE_S:","-2.90"
"12:39:02","7/11/17","DATA","PRESSURE_S:","-2.30"
"12:39:03","7/11/17","DATA","PRESSURE_S:","-2.60"
"12:39:06","7/11/17","DATA","PRESSURE_S:","-2.60"
"12:39:07","7/11/17","DATA","PRESSURE_S:","-2.30"
"12:39:10","7/11/17","DATA","PRESSURE_S:","-2.60"
"12:39:11","7/11/17","DATA","PRESSURE_S:","-2.90"
"12:39:14","7/11/17","DATA","PRESSURE_S:","-2.90"
"12:39:16","7/11/17","DATA","PRESSURE_S:","-2.60"
"12:39:18","7/11/17","DATA","PRESSURE_S:","-2.90"
"12:39:20","7/11/17","DATA","PRESSURE_S:","-2.60"
"12:39:21","7/11/17","DATA","PRESSURE_S:","-3.20"
"12:39:24","7/11/17","DATA","PRESSURE_S:","-2.90"
"12:39:25","7/11/17","DATA","PRESSURE_S:","-2.90"
"12:39:28","7/11/17","DATA","PRESSURE_S:","-2.90"
"12:39:29","7/11/17","DATA","PRESSURE_S:","-3.80"
"12:39:32","7/11/17","DATA","PRESSURE_S:","-2.70"
"12:39:34","7/11/17","DATA","PRESSURE_S:","-3.20"
"12:39:36","7/11/17","DATA","PRESSURE_S:","-2.70"
"12:39:38","7/11/17","DATA","PRESSURE_S:","-3.50"
"12:39:40","7/11/17","DATA","PRESSURE_S:","-2.70"
"12:39:42","7/11/17","DATA","PRESSURE_S:","-3.00"
"12:39:43","7/11/17","DATA","PRESSURE_S:","-3.20"
"12:39:46","7/11/17","DATA","PRESSURE_S:","-3.00"
"12:39:47","7/11/17","DATA","PRESSURE_S:","-2.70"
"12:39:50","7/11/17","DATA","PRESSURE_S:","-3.00"
"12:39:51","7/11/17","DATA","PRESSURE_S:","-2.70"
"12:39:54","7/11/17","DATA","PRESSURE_S:","-3.00"
"12:39:56","7/11/17","DATA","PRESSURE_S:","-3.30"
"12:39:58","7/11/17","DATA","PRESSURE_S:","-3.00"
"12:40:00","7/11/17","DATA","PRESSURE_S:","-3.30"
"12:40:02","7/11/17","DATA","PRESSURE_S:","-3.30"
"12:40:04","7/11/17","DATA","PRESSURE_S:","-3.00"
"12:40:05","7/11/17","DATA","PRESSURE_S:","-2.50"
"12:40:08","7/11/17","DATA","PRESSURE_S:","-3.00"
"12:40:09","7/11/17","DATA","PRESSURE_S:","-3.00"
"12:40:12","7/11/17","DATA","PRESSURE_S:","-3.30"
"12:40:14","7/11/17","DATA","PRESSURE_S:","-2.70"
"12:40:16","7/11/17","DATA","PRESSURE_S:","-2.50"
"12:40:18","7/11/17","DATA","PRESSURE_S:","-2.70"
"12:40:20","7/11/17","DATA","PRESSURE_S:","-3.30"
"12:40:22","7/11/17","DATA","PRESSURE_S:","-3.30"
"12:40:24","7/11/17","DATA","PRESSURE_S:","-2.20"
"12:40:26","7/11/17","DATA","PRESSURE_S:","-2.50"
"12:40:27","7/11/17","DATA","PRESSURE_S:","-3.30"
"12:40:30","7/11/17","DATA","PRESSURE_S:","-3.30"
"12:40:32","7/11/17","DATA","PRESSURE_S:","-2.80"
"12:40:34","7/11/17","DATA","PRESSURE_S:","-2.50"
"12:40:36","7/11/17","DATA","PRESSURE_S:","-2.80"
"12:40:38","7/11/17","DATA","PRESSURE_S:","-2.80"
"12:40:40","7/11/17","DATA","PRESSURE_S:","-3.30"
"12:40:42","7/11/17","DATA","PRESSURE_S:","-2.20"
"12:40:44","7/11/17","DATA","PRESSURE_S:","-2.80"
"12:40:46","7/11/17","DATA","PRESSURE_S:","-3.60"
"12:40:48","7/11/17","DATA","PRESSURE_S:","-3.40"
"12:40:49","7/11/17","DATA","PRESSURE_S:","-3.60"
"12:40:52","7/11/17","DATA","PRESSURE_S:","-2.80"
"12:40:54","7/11/17","DATA","PRESSURE_S:","-2.80"
"12:40:56","7/11/17","DATA","PRESSURE_S:","-2.80"
"12:40:58","7/11/17","DATA","PRESSURE_S:","-3.10"
"12:41:00","7/11/17","DATA","PRESSURE_S:","-2.80"
"12:41:02","7/11/17","DATA","PRESSURE_S:","-3.10"
"12:41:04","7/11/17","DATA","PRESSURE_S:","-3.10"
"12:41:06","7/11/17","DATA","PRESSURE_S:","-3.10"
"12:41:08","7/11/17","DATA","PRESSURE_S:","-3.10"
"12:41:10","7/11/17","DATA","PRESSURE_S:","-2.80"
"12:41:12","7/11/17","DATA","PRESSURE_S:","-3.10"
"12:41:14","7/11/17","DATA","PRESSURE_S:","-3.70"
"12:41:16","7/11/17","DATA","PRESSURE_S:","-3.10"
"12:41:18","7/11/17","DATA","PRESSURE_S:","-3.40"
"12:41:20","7/11/17","DATA","PRESSURE_S:","-2.60"
"12:41:22","7/11/17","DATA","PRESSURE_S:","-3.10"
"12:41:24","7/11/17","DATA","PRESSURE_S:","-3.40"
"12:41:26","7/11/17","DATA","PRESSURE_S:","-3.20"
"12:41:28","7/11/17","DATA","PRESSURE_S:","-2.90"
"12:41:30","7/11/17","DATA","PRESSURE_S:","-3.10"
"12:41:32","7/11/17","DATA","PRESSURE_S:","-3.40"
"12:41:34","7/11/17","DATA","PRESSURE_S:","-3.70"
"12:41:36","7/11/17","DATA","PRESSURE_S:","-3.40"
"12:41:38","7/11/17","DATA","PRESSURE_S:","-2.90"
"12:41:40","7/11/17","DATA","PRESSURE_S:","-2.90"
"12:41:42","7/11/17","DATA","PRESSURE_S:","-2.90"
"12:41:44","7/11/17","DATA","PRESSURE_S:","-3.20"
"12:41:46","7/11/17","DATA","PRESSURE_S:","-2.90"
"12:41:48","7/11/17","DATA","PRESSURE_S:","-2.90"
"12:41:50","7/11/17","DATA","PRESSURE_S:","-3.20"
"12:41:52","7/11/17","DATA","PRESSURE_S:","-3.20"
"12:41:54","7/11/17","DATA","PRESSURE_S:","-2.60"
"12:41:56","7/11/17","DATA","PRESSURE_S:","-2.40"
"12:41:58","7/11/17","DATA","PRESSURE_S:","-2.90"
"12:42:00","7/11/17","DATA","PRESSURE_S:","-3.20"
"12:42:02","7/11/17","DATA","PRESSURE_S:","-3.20"
"12:42:04","7/11/17","DATA","PRESSURE_S:","-2.90"
"12:42:06","7/11/17","DATA","PRESSURE_S:","-2.70"
"12:42:08","7/11/17","DATA","PRESSURE_S:","-2.90"
"12:42:10","7/11/17","DATA","PRESSURE_S:","-3.80"
"12:42:12","7/11/17","DATA","PRESSURE_S:","-3.80"
"12:42:14","7/11/17","DATA","PRESSURE_S:","-2.90"
"12:42:16","7/11/17","DATA","PRESSURE_S:","-3.20"
"12:42:18","7/11/17","DATA","PRESSURE_S:","-3.20"
"12:42:20","7/11/17","DATA","PRESSURE_S:","-2.40"
"12:42:22","7/11/17","DATA","PRESSURE_S:","-3.00"
"12:42:24","7/11/17","DATA","PRESSURE_S:","-3.50"
"12:42:26","7/11/17","DATA","PRESSURE_S:","-2.40"
"12:42:28","7/11/17","DATA","PRESSURE_S:","-3.00"
"12:42:30","7/11/17","DATA","PRESSURE_S:","-3.20"
"12:42:32","7/11/17","DATA","PRESSURE_S:","-3.50"
"12:42:34","7/11/17","DATA","PRESSURE_S:","-3.30"
"12:42:36","7/11/17","DATA","PRESSURE_S:","-2.70"
"12:42:38","7/11/17","DATA","PRESSURE_S:","-3.00"
"12:42:40","7/11/17","DATA","PRESSURE_S:","-3.00"
"12:42:42","7/11/17","DATA","PRESSURE_S:","-3.30"
"12:42:44","7/11/17","DATA","PRESSURE_S:","-2.70"
"12:42:46","7/11/17","DATA","PRESSURE_S:","-2.70"
"12:42:48","7/11/17","DATA","PRESSURE_S:","-3.60"
"12:42:50","7/11/17","DATA","PRESSURE_S:","-3.00"
"12:42:52","7/11/17","DATA","PRESSURE_S:","-3.00"
"12:42:54","7/11/17","DATA","PRESSURE_S:","-3.30"
"12:42:56","7/11/17","DATA","PRESSURE_S:","-2.70"
"12:42:58","7/11/17","DATA","PRESSURE_S:","-3.60"
"12:43:00","7/11/17","DATA","PRESSURE_S:","-3.00"
"12:43:02","7/11/17","DATA","PRESSURE_S:","-3.30"
"12:43:04","7/11/17","DATA","PRESSURE_S:","-2.70"
"12:43:06","7/11/17","DATA","PRESSURE_S:","-4.10"
"12:43:08","7/11/17","DATA","PRESSURE_S:","-2.70"
"12:43:10","7/11/17","DATA","PRESSURE_S:","-2.70"
"12:43:12","7/11/17","DATA","PRESSURE_S:","-3.30"
"12:43:14","7/11/17","DATA","PRESSURE_S:","-3.00"
"12:43:16","7/11/17","DATA","PRESSURE_S:","-3.60"
"12:43:18","7/11/17","DATA","PRESSURE_S:","-3.30"
"12:43:20","7/11/17","DATA","PRESSURE_S:","-3.00"
"12:43:22","7/11/17","DATA","PRESSURE_S:","-3.30"
"12:43:24","7/11/17","DATA","PRESSURE_S:","-3.30"
"12:43:26","7/11/17","DATA","PRESSURE_S:","-2.80"
"12:43:28","7/11/17","DATA","PRESSURE_S:","-2.80"
"12:43:30","7/11/17","DATA","PRESSURE_S:","-2.80"
"12:43:32","7/11/17","DATA","PRESSURE_S:","-3.10"
"12:43:34","7/11/17","DATA","PRESSURE_S:","-2.80"
"12:43:36","7/11/17","DATA","PRESSURE_S:","-3.30"
"12:43:38","7/11/17","DATA","PRESSURE_S:","-3.40"
"12:43:40","7/11/17","DATA","PRESSURE_S:","-3.10"
"12:43:42","7/11/17","DATA","PRESSURE_S:","-3.10"
"12:43:44","7/11/17","DATA","PRESSURE_S:","-3.10"
"12:43:46","7/11/17","DATA","PRESSURE_S:","-2.50"
"12:43:48","7/11/17","DATA","PRESSURE_S:","-3.60"
"12:43:50","7/11/17","DATA","PRESSURE_S:","-3.40"
"12:43:52","7/11/17","DATA","PRESSURE_S:","-3.10"
"12:43:54","7/11/17","DATA","PRESSURE_S:","-3.40"
"12:43:56","7/11/17","DATA","PRESSURE_S:","-3.40"
"12:43:58","7/11/17","DATA","PRESSURE_S:","-3.40"
"12:44:00","7/11/17","DATA","PRESSURE_S:","-2.80"
"12:44:02","7/11/17","DATA","PRESSURE_S:","-3.40"
"12:44:04","7/11/17","DATA","PRESSURE_S:","-3.10"
"12:44:06","7/11/17","DATA","PRESSURE_S:","-2.80"
"12:44:08","7/11/17","DATA","PRESSURE_S:","-2.50"
"12:44:10","7/11/17","DATA","PRESSURE_S:","-3.40"
"12:44:12","7/11/17","DATA","PRESSURE_S:","-2.80"
"12:44:14","7/11/17","DATA","PRESSURE_S:","-3.40"
"12:44:16","7/11/17","DATA","PRESSURE_S:","-3.70"
"12:44:18","7/11/17","DATA","PRESSURE_S:","-3.10"
"12:44:20","7/11/17","DATA","PRESSURE_S:","-3.40"
"12:44:22","7/11/17","DATA","PRESSURE_S:","-3.10"
"12:44:24","7/11/17","DATA","PRESSURE_S:","-3.10"
"12:44:26","7/11/17","DATA","PRESSURE_S:","-3.40"
"12:44:28","7/11/17","DATA","PRESSURE_S:","-3.10"
"12:44:30","7/11/17","DATA","PRESSURE_S:","-3.10"
"12:44:32","7/11/17","DATA","PRESSURE_S:","-3.10"
"12:44:34","7/11/17","DATA","PRESSURE_S:","-3.40"
"12:44:36","7/11/17","DATA","PRESSURE_S:","-3.40"
"12:44:38","7/11/17","DATA","PRESSURE_S:","-3.10"
"12:44:40","7/11/17","DATA","PRESSURE_S:","-2.60"
"12:44:42","7/11/17","DATA","PRESSURE_S:","-2.90"
"12:44:44","7/11/17","DATA","PRESSURE_S:","-3.10"
"12:44:46","7/11/17","DATA","PRESSURE_S:","-3.70"
"12:44:48","7/11/17","DATA","PRESSURE_S:","-3.40"
"12:44:50","7/11/17","DATA","PRESSURE_S:","-3.40"
"12:44:52","7/11/17","DATA","PRESSURE_S:","-2.30"
"12:44:54","7/11/17","DATA","PRESSURE_S:","-2.90"
"12:44:56","7/11/17","DATA","PRESSURE_S:","-3.40"
"12:44:58","7/11/17","DATA","PRESSURE_S:","-2.90"
"12:45:00","7/11/17","DATA","PRESSURE_S:","-2.90"
"12:45:02","7/11/17","DATA","PRESSURE_S:","-2.90"
"12:45:04","7/11/17","DATA","PRESSURE_S:","-3.20"
"12:45:06","7/11/17","DATA","PRESSURE_S:","-3.20"
"12:45:08","7/11/17","DATA","PRESSURE_S:","-2.90"
"12:45:10","7/11/17","DATA","PRESSURE_S:","-3.20"
"12:45:12","7/11/17","DATA","PRESSURE_S:","-3.20"
"12:45:14","7/11/17","DATA","PRESSURE_S:","-2.60"
"12:45:16","7/11/17","DATA","PRESSURE_S:","-2.90"
"12:45:18","7/11/17","DATA","PRESSURE_S:","-3.50"
"12:45:20","7/11/17","DATA","PRESSURE_S:","-2.90"
"12:45:22","7/11/17","DATA","PRESSURE_S:","-3.50"
"12:45:24","7/11/17","DATA","PRESSURE_S:","-2.90"
"12:45:26","7/11/17","DATA","PRESSURE_S:","-3.20"
"12:45:28","7/11/17","DATA","PRESSURE_S:","-3.50"
"12:45:30","7/11/17","DATA","PRESSURE_S:","-3.50"
"12:45:32","7/11/17","DATA","PRESSURE_S:","-3.20"
"12:45:34","7/11/17","DATA","PRESSURE_S:","-3.50"
"12:45:36","7/11/17","DATA","PRESSURE_S:","-3.20"
"12:45:38","7/11/17","DATA","PRESSURE_S:","-3.20"
"12:45:40","7/11/17","DATA","PRESSURE_S:","-3.50"
"12:45:42","7/11/17","DATA","PRESSURE_S:","-3.80"
"12:45:44","7/11/17","DATA","PRESSURE_S:","-3.50"
"12:45:46","7/11/17","DATA","PRESSURE_S:","-3.20"
"12:45:48","7/11/17","DATA","PRESSURE_S:","-2.70"
"12:45:50","7/11/17","DATA","PRESSURE_S:","-2.90"
"12:45:52","7/11/17","DATA","PRESSURE_S:","-3.20"
"12:45:54","7/11/17","DATA","PRESSURE_S:","-3.20"
"12:45:56","7/11/17","DATA","PRESSURE_S:","-3.20"
"12:45:58","7/11/17","DATA","PRESSURE_S:","-3.20"
"12:46:00","7/11/17","DATA","PRESSURE_S:","-3.00"
"12:46:02","7/11/17","DATA","PRESSURE_S:","-3.00"
"12:46:04","7/11/17","DATA","PRESSURE_S:","-3.80"
"12:46:06","7/11/17","DATA","PRESSURE_S:","-3.30"
"12:46:08","7/11/17","DATA","PRESSURE_S:","-3.00"
"12:46:10","7/11/17","DATA","PRESSURE_S:","-3.20"
"12:46:12","7/11/17","DATA","PRESSURE_S:","-3.30"
"12:46:14","7/11/17","DATA","PRESSURE_S:","-2.70"
"12:46:16","7/11/17","DATA","PRESSURE_S:","-3.00"
"12:46:18","7/11/17","DATA","PRESSURE_S:","-3.80"
"12:46:20","7/11/17","DATA","PRESSURE_S:","-3.30"
"12:46:22","7/11/17","DATA","PRESSURE_S:","-3.80"
"12:46:24","7/11/17","DATA","PRESSURE_S:","-3.30"
"12:46:26","7/11/17","DATA","PRESSURE_S:","-3.30"
"12:46:28","7/11/17","DATA","PRESSURE_S:","-3.50"
"12:46:30","7/11/17","DATA","PRESSURE_S:","-3.30"
"12:46:32","7/11/17","DATA","PRESSURE_S:","-3.00"
"12:46:34","7/11/17","DATA","PRESSURE_S:","-3.60"
"12:46:36","7/11/17","DATA","PRESSURE_S:","-3.00"
"12:46:38","7/11/17","DATA","PRESSURE_S:","-3.00"
"12:46:40","7/11/17","DATA","PRESSURE_S:","-3.00"
"12:46:42","7/11/17","DATA","PRESSURE_S:","-3.00"
"12:46:44","7/11/17","DATA","PRESSURE_S:","-3.00"
"12:46:46","7/11/17","DATA","PRESSURE_S:","-3.00"
"12:46:48","7/11/17","DATA","PRESSURE_S:","-3.30"
"12:46:50","7/11/17","DATA","PRESSURE_S:","-3.30"
"12:46:52","7/11/17","DATA","PRESSURE_S:","-3.30"
"12:46:54","7/11/17","DATA","PRESSURE_S:","-3.00"
"12:46:56","7/11/17","DATA","PRESSURE_S:","-2.50"
"12:46:58","7/11/17","DATA","PRESSURE_S:","-3.90"
"12:47:00","7/11/17","DATA","PRESSURE_S:","-3.60"
"12:47:02","7/11/17","DATA","PRESSURE_S:","-3.00"
"12:47:04","7/11/17","DATA","PRESSURE_S:","-3.30"
"12:47:06","7/11/17","DATA","PRESSURE_S:","-3.30"
"12:47:08","7/11/17","DATA","PRESSURE_S:","-3.30"
"12:47:10","7/11/17","DATA","PRESSURE_S:","-3.60"
"12:47:12","7/11/17","DATA","PRESSURE_S:","-3.30"
"12:47:14","7/11/17","DATA","PRESSURE_S:","-3.30"
"12:47:16","7/11/17","DATA","PRESSURE_S:","-3.30"
"12:47:18","7/11/17","DATA","PRESSURE_S:","-3.60"
"12:47:20","7/11/17","DATA","PRESSURE_S:","-3.00"
"12:47:22","7/11/17","DATA","PRESSURE_S:","-3.30"
"12:47:24","7/11/17","DATA","PRESSURE_S:","-3.30"
"12:47:26","7/11/17","DATA","PRESSURE_S:","-2.80"
"12:47:28","7/11/17","DATA","PRESSURE_S:","-3.10"
"12:47:30","7/11/17","DATA","PRESSURE_S:","-3.30"
"12:47:32","7/11/17","DATA","PRESSURE_S:","-2.80"
"12:47:34","7/11/17","DATA","PRESSURE_S:","-3.10"
"12:47:36","7/11/17","DATA","PRESSURE_S:","-2.80"
"12:47:38","7/11/17","DATA","PRESSURE_S:","-2.80"
"12:47:40","7/11/17","DATA","PRESSURE_S:","-2.80"
"12:47:42","7/11/17","DATA","PRESSURE_S:","-3.30"
"12:47:44","7/11/17","DATA","PRESSURE_S:","-3.60"
"12:47:46","7/11/17","DATA","PRESSURE_S:","-3.40"
"12:47:48","7/11/17","DATA","PRESSURE_S:","-3.60"
"12:47:50","7/11/17","DATA","PRESSURE_S:","-3.40"
"12:47:52","7/11/17","DATA","PRESSURE_S:","-3.40"
"12:47:54","7/11/17","DATA","PRESSURE_S:","-3.10"
"12:47:56","7/11/17","DATA","PRESSURE_S:","-3.40"
"12:47:58","7/11/17","DATA","PRESSURE_S:","-3.10"
"12:48:00","7/11/17","DATA","PRESSURE_S:","-3.60"
"12:48:02","7/11/17","DATA","PRESSURE_S:","-3.10"
"12:48:04","7/11/17","DATA","PRESSURE_S:","-3.40"
"12:48:06","7/11/17","DATA","PRESSURE_S:","-3.10"
"12:48:08","7/11/17","DATA","PRESSURE_S:","-3.90"
"12:48:10","7/11/17","DATA","PRESSURE_S:","-3.10"
"12:48:12","7/11/17","DATA","PRESSURE_S:","-3.10"
"12:48:14","7/11/17","DATA","PRESSURE_S:","-3.90"
"12:48:16","7/11/17","DATA","PRESSURE_S:","-3.40"
"12:48:18","7/11/17","DATA","PRESSURE_S:","-3.40"
"12:48:20","7/11/17","DATA","PRESSURE_S:","-3.10"
"12:48:22","7/11/17","DATA","PRESSURE_S:","-3.70"
"12:48:24","7/11/17","DATA","PRESSURE_S:","-3.10"
"12:48:26","7/11/17","DATA","PRESSURE_S:","-2.80"
"12:48:28","7/11/17","DATA","PRESSURE_S:","-3.40"
"12:48:30","7/11/17","DATA","PRESSURE_S:","-3.40"
"12:48:32","7/11/17","DATA","PRESSURE_S:","-3.40"
"12:48:34","7/11/17","DATA","PRESSURE_S:","-3.70"
"12:48:36","7/11/17","DATA","PRESSURE_S:","-3.40"
"12:48:39","7/11/17","DATA","PRESSURE_S:","-2.80"
"12:48:40","7/11/17","DATA","PRESSURE_S:","-2.90"
"12:48:42","7/11/17","DATA","PRESSURE_S:","-3.70"
"12:48:44","7/11/17","DATA","PRESSURE_S:","-3.40"
"12:48:46","7/11/17","DATA","PRESSURE_S:","-3.40"
"12:48:48","7/11/17","DATA","PRESSURE_S:","-2.90"
"12:48:50","7/11/17","DATA","PRESSURE_S:","-3.10"
"12:48:52","7/11/17","DATA","PRESSURE_S:","-3.70"
"12:48:54","7/11/17","DATA","PRESSURE_S:","-3.10"
"12:48:56","7/11/17","DATA","PRESSURE_S:","-2.60"
"12:48:58","7/11/17","DATA","PRESSURE_S:","-3.40"
"12:49:01","7/11/17","DATA","PRESSURE_S:","-3.20"
"12:49:02","7/11/17","DATA","PRESSURE_S:","-3.20"
"12:49:04","7/11/17","DATA","PRESSURE_S:","-3.40"
"12:49:06","7/11/17","DATA","PRESSURE_S:","-2.90"
"12:49:08","7/11/17","DATA","PRESSURE_S:","-3.70"
"12:49:10","7/11/17","DATA","PRESSURE_S:","-2.90"
"12:49:12","7/11/17","DATA","PRESSURE_S:","-3.20"
"12:49:14","7/11/17","DATA","PRESSURE_S:","-3.40"
"12:49:16","7/11/17","DATA","PRESSURE_S:","-3.20"
"12:49:19","7/11/17","DATA","PRESSURE_S:","-2.30"
"12:49:20","7/11/17","DATA","PRESSURE_S:","-2.90"
"12:49:23","7/11/17","DATA","PRESSURE_S:","-3.20"
"12:49:24","7/11/17","DATA","PRESSURE_S:","-3.40"
"12:49:26","7/11/17","DATA","PRESSURE_S:","-2.90"
"12:49:28","7/11/17","DATA","PRESSURE_S:","-3.50"
"12:49:30","7/11/17","DATA","PRESSURE_S:","-3.50"
"12:49:32","7/11/17","DATA","PRESSURE_S:","-3.20"
"12:49:34","7/11/17","DATA","PRESSURE_S:","-2.10"
"12:49:37","7/11/17","DATA","PRESSURE_S:","-3.20"
"12:49:38","7/11/17","DATA","PRESSURE_S:","-3.20"
"12:49:41","7/11/17","DATA","PRESSURE_S:","-3.50"
"12:49:42","7/11/17","DATA","PRESSURE_S:","-3.50"
"12:49:45","7/11/17","DATA","PRESSURE_S:","-3.70"
"12:49:46","7/11/17","DATA","PRESSURE_S:","-3.50"
"12:49:48","7/11/17","DATA","PRESSURE_S:","-3.50"
"12:49:50","7/11/17","DATA","PRESSURE_S:","-3.20"
"12:49:52","7/11/17","DATA","PRESSURE_S:","-3.20"
"12:49:54","7/11/17","DATA","PRESSURE_S:","-3.50"
"12:49:56","7/11/17","DATA","PRESSURE_S:","-3.50"
"12:49:59","7/11/17","DATA","PRESSURE_S:","-3.20"
"12:50:00","7/11/17","DATA","PRESSURE_S:","-2.90"
"12:50:03","7/11/17","DATA","PRESSURE_S:","-3.20"
"12:50:04","7/11/17","DATA","PRESSURE_S:","-3.80"
"12:50:07","7/11/17","DATA","PRESSURE_S:","-2.90"
"12:50:08","7/11/17","DATA","PRESSURE_S:","-3.20"
"12:50:10","7/11/17","DATA","PRESSURE_S:","-3.20"
"12:50:12","7/11/17","DATA","PRESSURE_S:","-3.80"
"12:50:14","7/11/17","DATA","PRESSURE_S:","-3.50"
"12:50:17","7/11/17","DATA","PRESSURE_S:","-2.70"
"12:50:18","7/11/17","DATA","PRESSURE_S:","-2.90"
"12:50:21","7/11/17","DATA","PRESSURE_S:","-2.90"
"12:50:22","7/11/17","DATA","PRESSURE_S:","-2.90"
"12:50:25","7/11/17","DATA","PRESSURE_S:","-2.90"
"12:50:26","7/11/17","DATA","PRESSURE_S:","-3.20"
"12:50:28","7/11/17","DATA","PRESSURE_S:","-2.90"
"12:50:30","7/11/17","DATA","PRESSURE_S:","-2.90"
"12:50:32","7/11/17","DATA","PRESSURE_S:","-3.80"
"12:50:34","7/11/17","DATA","PRESSURE_S:","-3.00"
"12:50:36","7/11/17","DATA","PRESSURE_S:","-3.50"
"12:50:39","7/11/17","DATA","PRESSURE_S:","-3.50"
"12:50:40","7/11/17","DATA","PRESSURE_S:","-3.00"
"12:50:43","7/11/17","DATA","PRESSURE_S:","-3.20"
"12:50:44","7/11/17","DATA","PRESSURE_S:","-3.20"
"12:50:47","7/11/17","DATA","PRESSURE_S:","-3.00"
"12:50:48","7/11/17","DATA","PRESSURE_S:","-3.20"
"12:50:50","7/11/17","DATA","PRESSURE_S:","-1.00"
"12:50:52","7/11/17","DATA","PRESSURE_S:","9.00"
"12:50:54","7/11/17","DATA","PRESSURE_S:","19.90"
"12:50:57","7/11/17","DATA","PRESSURE_S:","35.50"
"12:50:58","7/11/17","DATA","PRESSURE_S:","46.40"
"12:51:01","7/11/17","DATA","PRESSURE_S:","46.40"
"12:51:02","7/11/17","DATA","PRESSURE_S:","43.90"
"12:51:05","7/11/17","DATA","PRESSURE_S:","41.70"
"12:51:06","7/11/17","DATA","PRESSURE_S:","39.70"
"12:51:09","7/11/17","DATA","PRESSURE_S:","38.10"
"12:51:10","7/11/17","DATA","PRESSURE_S:","36.40"
"12:51:12","7/11/17","DATA","PRESSURE_S:","35.30"
"12:51:14","7/11/17","DATA","PRESSURE_S:","33.60"
"12:51:16","7/11/17","DATA","PRESSURE_S:","32.50"
"12:51:19","7/11/17","DATA","PRESSURE_S:","31.40"
"12:51:20","7/11/17","DATA","PRESSURE_S:","30.30"
"12:51:23","7/11/17","DATA","PRESSURE_S:","28.40"
"12:51:24","7/11/17","DATA","PRESSURE_S:","27.20"
"12:51:27","7/11/17","DATA","PRESSURE_S:","25.80"
"12:51:28","7/11/17","DATA","PRESSURE_S:","25.60"
"12:51:31","7/11/17","DATA","PRESSURE_S:","23.60"
"12:51:32","7/11/17","DATA","PRESSURE_S:","23.40"
"12:51:34","7/11/17","DATA","PRESSURE_S:","22.80"
"12:51:37","7/11/17","DATA","PRESSURE_S:","20.60"
"12:51:38","7/11/17","DATA","PRESSURE_S:","20.30"
"12:51:41","7/11/17","DATA","PRESSURE_S:","18.90"
"12:51:42","7/11/17","DATA","PRESSURE_S:","18.70"
"12:51:45","7/11/17","DATA","PRESSURE_S:","18.10"
"12:51:46","7/11/17","DATA","PRESSURE_S:","17.30"
"12:51:49","7/11/17","DATA","PRESSURE_S:","15.90"
"12:51:50","7/11/17","DATA","PRESSURE_S:","15.60"
"12:51:53","7/11/17","DATA","PRESSURE_S:","14.80"
"12:51:55","7/11/17","DATA","PRESSURE_S:","12.80"
"12:51:56","7/11/17","DATA","PRESSURE_S:","13.10"
"12:51:59","7/11/17","DATA","PRESSURE_S:","12.30"
"12:52:00","7/11/17","DATA","PRESSURE_S:","12.30"
"12:52:03","7/11/17","DATA","PRESSURE_S:","11.50"
"12:52:04","7/11/17","DATA","PRESSURE_S:","10.60"
"12:52:07","7/11/17","DATA","PRESSURE_S:","9.80"
"12:52:08","7/11/17","DATA","PRESSURE_S:","9.50"
"12:52:11","7/11/17","DATA","PRESSURE_S:","9.50"
"12:52:12","7/11/17","DATA","PRESSURE_S:","8.70"
"12:52:15","7/11/17","DATA","PRESSURE_S:","8.10"
"12:52:17","7/11/17","DATA","PRESSURE_S:","7.30"
"12:52:18","7/11/17","DATA","PRESSURE_S:","7.30"
"12:52:21","7/11/17","DATA","PRESSURE_S:","7.00"
"12:52:22","7/11/17","DATA","PRESSURE_S:","6.80"
"12:52:25","7/11/17","DATA","PRESSURE_S:","6.20"
"12:52:26","7/11/17","DATA","PRESSURE_S:","5.40"
"12:52:29","7/11/17","DATA","PRESSURE_S:","5.70"
"12:52:30","7/11/17","DATA","PRESSURE_S:","5.60"
"12:52:33","7/11/17","DATA","PRESSURE_S:","5.70"
"12:52:35","7/11/17","DATA","PRESSURE_S:","4.80"
"12:52:37","7/11/17","DATA","PRESSURE_S:","3.70"
"12:52:39","7/11/17","DATA","PRESSURE_S:","4.50"
"12:52:40","7/11/17","DATA","PRESSURE_S:","4.00"
"12:52:43","7/11/17","DATA","PRESSURE_S:","3.40"
"12:52:44","7/11/17","DATA","PRESSURE_S:","3.40"
"12:52:47","7/11/17","DATA","PRESSURE_S:","2.90"
"12:52:48","7/11/17","DATA","PRESSURE_S:","2.60"
"12:52:51","7/11/17","DATA","PRESSURE_S:","2.90"
"12:52:52","7/11/17","DATA","PRESSURE_S:","2.30"
"12:52:55","7/11/17","DATA","PRESSURE_S:","2.00"
"12:52:57","7/11/17","DATA","PRESSURE_S:","1.70"
"12:52:59","7/11/17","DATA","PRESSURE_S:","1.70"
"12:53:01","7/11/17","DATA","PRESSURE_S:","1.80"
"12:53:02","7/11/17","DATA","PRESSURE_S:","1.50"
"12:53:05","7/11/17","DATA","PRESSURE_S:","1.20"
"12:53:06","7/11/17","DATA","PRESSURE_S:","0.60"
"12:53:09","7/11/17","DATA","PRESSURE_S:","1.20"
"12:53:10","7/11/17","DATA","PRESSURE_S:","0.30"
"12:53:13","7/11/17","DATA","PRESSURE_S:","1.20"
"12:53:15","7/11/17","DATA","PRESSURE_S:","0.90"
"12:53:17","7/11/17","DATA","PRESSURE_S:","0.60"
"12:53:19","7/11/17","DATA","PRESSURE_S:","-0.10"
"12:53:20","7/11/17","DATA","PRESSURE_S:","0.30"
"12:53:23","7/11/17","DATA","PRESSURE_S:","0.10"
"12:53:24","7/11/17","DATA","PRESSURE_S:","0.00"
"12:53:27","7/11/17","DATA","PRESSURE_S:","-0.40"
"12:53:28","7/11/17","DATA","PRESSURE_S:","-1.00"
"12:53:31","7/11/17","DATA","PRESSURE_S:","-1.00"
"12:53:32","7/11/17","DATA","PRESSURE_S:","-0.10"
"12:53:35","7/11/17","DATA","PRESSURE_S:","-1.00"
"12:53:37","7/11/17","DATA","PRESSURE_S:","-0.70"
"12:53:39","7/11/17","DATA","PRESSURE_S:","-1.30"
"12:53:41","7/11/17","DATA","PRESSURE_S:","-1.00"
"12:53:42","7/11/17","DATA","PRESSURE_S:","-1.80"
"12:53:45","7/11/17","DATA","PRESSURE_S:","-1.30"
"12:53:46","7/11/17","DATA","PRESSURE_S:","-1.00"
"12:53:49","7/11/17","DATA","PRESSURE_S:","-1.30"
"12:53:50","7/11/17","DATA","PRESSURE_S:","-1.60"
"12:53:53","7/11/17","DATA","PRESSURE_S:","-1.60"
"12:53:55","7/11/17","DATA","PRESSURE_S:","-0.70"
"12:53:57","7/11/17","DATA","PRESSURE_S:","-1.90"
"12:53:59","7/11/17","DATA","PRESSURE_S:","-1.30"
"12:54:01","7/11/17","DATA","PRESSURE_S:","-1.30"
"12:54:03","7/11/17","DATA","PRESSURE_S:","-2.40"
"12:54:04","7/11/17","DATA","PRESSURE_S:","-1.90"
"12:54:07","7/11/17","DATA","PRESSURE_S:","-1.90"
"12:54:08","7/11/17","DATA","PRESSURE_S:","-1.30"
"12:54:11","7/11/17","DATA","PRESSURE_S:","-2.20"
"12:54:12","7/11/17","DATA","PRESSURE_S:","-2.20"
"12:54:15","7/11/17","DATA","PRESSURE_S:","-2.20"
"12:54:17","7/11/17","DATA","PRESSURE_S:","-1.90"
"12:54:19","7/11/17","DATA","PRESSURE_S:","-2.20"
"12:54:21","7/11/17","DATA","PRESSURE_S:","-2.50"
"12:54:23","7/11/17","DATA","PRESSURE_S:","-2.20"
"12:54:25","7/11/17","DATA","PRESSURE_S:","-2.20"
"12:54:26","7/11/17","DATA","PRESSURE_S:","-2.50"
"12:54:29","7/11/17","DATA","PRESSURE_S:","-2.20"
"12:54:30","7/11/17","DATA","PRESSURE_S:","-2.20"
"12:54:33","7/11/17","DATA","PRESSURE_S:","-1.90"
"12:54:35","7/11/17","DATA","PRESSURE_S:","-2.20"
"12:54:37","7/11/17","DATA","PRESSURE_S:","-2.20"
"12:54:39","7/11/17","DATA","PRESSURE_S:","-3.10"
"12:54:41","7/11/17","DATA","PRESSURE_S:","-2.50"
"12:54:43","7/11/17","DATA","PRESSURE_S:","-2.80"
"12:54:45","7/11/17","DATA","PRESSURE_S:","-2.50"
"12:54:47","7/11/17","DATA","PRESSURE_S:","-2.50"
"12:54:48","7/11/17","DATA","PRESSURE_S:","-3.10"
"12:54:51","7/11/17","DATA","PRESSURE_S:","-2.50"
"12:54:52","7/11/17","DATA","PRESSURE_S:","-2.50"
"12:54:55","7/11/17","DATA","PRESSURE_S:","-2.80"
"12:54:57","7/11/17","DATA","PRESSURE_S:","-2.80"
"12:54:59","7/11/17","DATA","PRESSURE_S:","-2.00"
"12:55:01","7/11/17","DATA","PRESSURE_S:","-2.80"
"12:55:03","7/11/17","DATA","PRESSURE_S:","-2.80"
"12:55:05","7/11/17","DATA","PRESSURE_S:","-2.60"
"12:55:07","7/11/17","DATA","PRESSURE_S:","-2.80"
"12:55:09","7/11/17","DATA","PRESSURE_S:","-2.90"
"12:55:10","7/11/17","DATA","PRESSURE_S:","-2.60"
"12:55:13","7/11/17","DATA","PRESSURE_S:","-3.40"
"12:55:15","7/11/17","DATA","PRESSURE_S:","-2.90"
"12:55:17","7/11/17","DATA","PRESSURE_S:","-2.60"
"12:55:19","7/11/17","DATA","PRESSURE_S:","-3.20"
"12:55:21","7/11/17","DATA","PRESSURE_S:","-3.40"
"12:55:23","7/11/17","DATA","PRESSURE_S:","-3.40"
"12:55:25","7/11/17","DATA","PRESSURE_S:","-2.60"
"12:55:27","7/11/17","DATA","PRESSURE_S:","-3.20"
"12:55:28","7/11/17","DATA","PRESSURE_S:","-2.90"
"12:55:31","7/11/17","DATA","PRESSURE_S:","-2.90"
"12:55:33","7/11/17","DATA","PRESSURE_S:","-3.20"
"12:55:35","7/11/17","DATA","PRESSURE_S:","-2.90"
"12:55:37","7/11/17","DATA","PRESSURE_S:","-3.20"
"12:55:39","7/11/17","DATA","PRESSURE_S:","-2.60"
"12:55:41","7/11/17","DATA","PRESSURE_S:","-2.90"
"12:55:43","7/11/17","DATA","PRESSURE_S:","-2.90"
"12:55:45","7/11/17","DATA","PRESSURE_S:","-3.20"
"12:55:47","7/11/17","DATA","PRESSURE_S:","-3.20"
"12:55:49","7/11/17","DATA","PRESSURE_S:","-3.50"
"12:55:50","7/11/17","DATA","PRESSURE_S:","-2.70"
"12:55:53","7/11/17","DATA","PRESSURE_S:","-2.90"
"12:55:55","7/11/17","DATA","PRESSURE_S:","-3.20"
"12:55:57","7/11/17","DATA","PRESSURE_S:","-3.50"
"12:55:59","7/11/17","DATA","PRESSURE_S:","-3.20"
"12:56:01","7/11/17","DATA","PRESSURE_S:","-2.90"
"12:56:03","7/11/17","DATA","PRESSURE_S:","-3.80"
"12:56:05","7/11/17","DATA","PRESSURE_S:","-3.00"
"12:56:07","7/11/17","DATA","PRESSURE_S:","-3.00"
"12:56:09","7/11/17","DATA","PRESSURE_S:","-2.70"
"12:56:11","7/11/17","DATA","PRESSURE_S:","-3.00"
"12:56:13","7/11/17","DATA","PRESSURE_S:","-3.50"
"12:56:15","7/11/17","DATA","PRESSURE_S:","-3.50"
"12:56:17","7/11/17","DATA","PRESSURE_S:","-3.00"
"12:56:19","7/11/17","DATA","PRESSURE_S:","-3.00"
"12:56:21","7/11/17","DATA","PRESSURE_S:","-3.30"
"12:56:23","7/11/17","DATA","PRESSURE_S:","-2.70"
"12:56:25","7/11/17","DATA","PRESSURE_S:","-3.00"
"12:56:27","7/11/17","DATA","PRESSURE_S:","-3.60"
"12:56:29","7/11/17","DATA","PRESSURE_S:","-3.00"
"12:56:31","7/11/17","DATA","PRESSURE_S:","-3.00"
"12:56:33","7/11/17","DATA","PRESSURE_S:","-3.00"
"12:56:35","7/11/17","DATA","PRESSURE_S:","-3.30"
"12:56:37","7/11/17","DATA","PRESSURE_S:","-2.70"
"12:56:39","7/11/17","DATA","PRESSURE_S:","-3.60"
"12:56:41","7/11/17","DATA","PRESSURE_S:","-3.00"
"12:56:43","7/11/17","DATA","PRESSURE_S:","-3.30"
"12:56:45","7/11/17","DATA","PRESSURE_S:","-3.30"
"12:56:47","7/11/17","DATA","PRESSURE_S:","-2.70"
"12:56:49","7/11/17","DATA","PRESSURE_S:","-3.00"
"12:56:51","7/11/17","DATA","PRESSURE_S:","-3.00"
"12:56:53","7/11/17","DATA","PRESSURE_S:","-3.30"
"12:56:55","7/11/17","DATA","PRESSURE_S:","-3.00"
"12:56:57","7/11/17","DATA","PRESSURE_S:","-3.00"
"12:56:59","7/11/17","DATA","PRESSURE_S:","-3.60"
"12:57:01","7/11/17","DATA","PRESSURE_S:","-3.90"
"12:57:03","7/11/17","DATA","PRESSURE_S:","-3.30"
"12:57:05","7/11/17","DATA","PRESSURE_S:","-2.80"
"12:57:07","7/11/17","DATA","PRESSURE_S:","-3.30"
"12:57:09","7/11/17","DATA","PRESSURE_S:","-3.10"
"12:57:11","7/11/17","DATA","PRESSURE_S:","-2.80"
"12:57:13","7/11/17","DATA","PRESSURE_S:","-3.60"
"12:57:15","7/11/17","DATA","PRESSURE_S:","-3.30"
"12:57:17","7/11/17","DATA","PRESSURE_S:","-3.10"
"12:57:19","7/11/17","DATA","PRESSURE_S:","-3.10"
"12:57:21","7/11/17","DATA","PRESSURE_S:","-3.10"
"12:57:23","7/11/17","DATA","PRESSURE_S:","-3.40"
"12:57:25","7/11/17","DATA","PRESSURE_S:","-3.10"
"12:57:27","7/11/17","DATA","PRESSURE_S:","-3.60"
"12:57:29","7/11/17","DATA","PRESSURE_S:","-3.40"
"12:57:31","7/11/17","DATA","PRESSURE_S:","-3.40"
"12:57:33","7/11/17","DATA","PRESSURE_S:","-2.50"
"12:57:35","7/11/17","DATA","PRESSURE_S:","-3.40"
"12:57:37","7/11/17","DATA","PRESSURE_S:","-3.40"
"12:57:39","7/11/17","DATA","PRESSURE_S:","-2.80"
"12:57:41","7/11/17","DATA","PRESSURE_S:","-3.40"
"12:57:43","7/11/17","DATA","PRESSURE_S:","-3.10"
"12:57:45","7/11/17","DATA","PRESSURE_S:","-3.70"
"12:57:47","7/11/17","DATA","PRESSURE_S:","-3.10"
"12:57:49","7/11/17","DATA","PRESSURE_S:","-3.40"
"12:57:51","7/11/17","DATA","PRESSURE_S:","-3.10"
"12:57:53","7/11/17","DATA","PRESSURE_S:","-2.80"
"12:57:55","7/11/17","DATA","PRESSURE_S:","-3.70"
"12:57:57","7/11/17","DATA","PRESSURE_S:","-3.40"
"12:57:59","7/11/17","DATA","PRESSURE_S:","-3.70"
"12:58:01","7/11/17","DATA","PRESSURE_S:","-2.60"
"12:58:03","7/11/17","DATA","PRESSURE_S:","-2.90"
"12:58:05","7/11/17","DATA","PRESSURE_S:","-2.90"
"12:58:07","7/11/17","DATA","PRESSURE_S:","-3.40"
"12:58:09","7/11/17","DATA","PRESSURE_S:","-3.10"
"12:58:11","7/11/17","DATA","PRESSURE_S:","-3.40"
"12:58:13","7/11/17","DATA","PRESSURE_S:","-3.40"
"12:58:15","7/11/17","DATA","PRESSURE_S:","-3.20"
"12:58:17","7/11/17","DATA","PRESSURE_S:","-3.20"
"12:58:19","7/11/17","DATA","PRESSURE_S:","-3.20"
"12:58:21","7/11/17","DATA","PRESSURE_S:","-3.40"
"12:58:23","7/11/17","DATA","PRESSURE_S:","-2.90"
"12:58:25","7/11/17","DATA","PRESSURE_S:","-3.40"
"12:58:27","7/11/17","DATA","PRESSURE_S:","-3.70"
"12:58:29","7/11/17","DATA","PRESSURE_S:","-3.70"
"12:58:31","7/11/17","DATA","PRESSURE_S:","-3.20"
"12:58:33","7/11/17","DATA","PRESSURE_S:","-2.90"
"12:58:35","7/11/17","DATA","PRESSURE_S:","-3.20"
"12:58:37","7/11/17","DATA","PRESSURE_S:","-4.00"
"12:58:39","7/11/17","DATA","PRESSURE_S:","-3.20"
"12:58:41","7/11/17","DATA","PRESSURE_S:","-3.20"
"12:58:43","7/11/17","DATA","PRESSURE_S:","-3.20"
"12:58:45","7/11/17","DATA","PRESSURE_S:","-3.20"
"12:58:47","7/11/17","DATA","PRESSURE_S:","-2.90"
"12:58:49","7/11/17","DATA","PRESSURE_S:","-3.80"
"12:58:51","7/11/17","DATA","PRESSURE_S:","-3.50"
"12:58:53","7/11/17","DATA","PRESSURE_S:","-3.20"
"12:58:55","7/11/17","DATA","PRESSURE_S:","-2.40"
"12:58:57","7/11/17","DATA","PRESSURE_S:","-3.20"
"12:58:59","7/11/17","DATA","PRESSURE_S:","-3.20"
"12:59:01","7/11/17","DATA","PRESSURE_S:","-2.60"
"12:59:03","7/11/17","DATA","PRESSURE_S:","-2.60"
"12:59:05","7/11/17","DATA","PRESSURE_S:","-3.20"
"12:59:07","7/11/17","DATA","PRESSURE_S:","-3.50"
"12:59:09","7/11/17","DATA","PRESSURE_S:","-2.90"
"12:59:11","7/11/17","DATA","PRESSURE_S:","-2.90"
"12:59:13","7/11/17","DATA","PRESSURE_S:","-3.50"
"12:59:15","7/11/17","DATA","PRESSURE_S:","-2.90"
"12:59:17","7/11/17","DATA","PRESSURE_S:","-2.90"
"12:59:19","7/11/17","DATA","PRESSURE_S:","-3.20"
"12:59:21","7/11/17","DATA","PRESSURE_S:","-3.50"
"12:59:23","7/11/17","DATA","PRESSURE_S:","-2.70"
"12:59:25","7/11/17","DATA","PRESSURE_S:","-3.20"
"12:59:27","7/11/17","DATA","PRESSURE_S:","-3.20"
"12:59:29","7/11/17","DATA","PRESSURE_S:","-3.20"
"12:59:31","7/11/17","DATA","PRESSURE_S:","-3.80"
"12:59:33","7/11/17","DATA","PRESSURE_S:","-3.50"
"12:59:35","7/11/17","DATA","PRESSURE_S:","-3.00"
"12:59:37","7/11/17","DATA","PRESSURE_S:","-3.00"
"12:59:39","7/11/17","DATA","PRESSURE_S:","-3.50"
"12:59:41","7/11/17","DATA","PRESSURE_S:","-3.20"
"12:59:43","7/11/17","DATA","PRESSURE_S:","-2.70"
"12:59:45","7/11/17","DATA","PRESSURE_S:","-3.30"
"12:59:47","7/11/17","DATA","PRESSURE_S:","-3.30"
"12:59:49","7/11/17","DATA","PRESSURE_S:","-3.00"
"12:59:51","7/11/17","DATA","PRESSURE_S:","-3.00"
"12:59:53","7/11/17","DATA","PRESSURE_S:","-3.00"
"12:59:55","7/11/17","DATA","PRESSURE_S:","-3.00"
"12:59:57","7/11/17","DATA","PRESSURE_S:","-3.30"
"12:59:59","7/11/17","DATA","PRESSURE_S:","-3.30"
"1:00:01","7/11/17","DATA","PRESSURE_S:","-3.50"
"1:00:03","7/11/17","DATA","PRESSURE_S:","-3.80"
"1:00:05","7/11/17","DATA","PRESSURE_S:","-3.00"
"1:00:07","7/11/17","DATA","PRESSURE_S:","-3.30"
"1:00:09","7/11/17","DATA","PRESSURE_S:","-3.30"
"1:00:11","7/11/17","DATA","PRESSURE_S:","-3.60"
"1:00:13","7/11/17","DATA","PRESSURE_S:","-3.60"
"1:00:15","7/11/17","DATA","PRESSURE_S:","-3.30"
"1:00:17","7/11/17","DATA","PRESSURE_S:","-3.00"
"1:00:19","7/11/17","DATA","PRESSURE_S:","-3.80"
"1:00:21","7/11/17","DATA","PRESSURE_S:","-3.60"
"1:00:23","7/11/17","DATA","PRESSURE_S:","-3.60"
"1:00:25","7/11/17","DATA","PRESSURE_S:","-3.60"
"1:00:27","7/11/17","DATA","PRESSURE_S:","-3.60"
"1:00:29","7/11/17","DATA","PRESSURE_S:","-3.60"
"1:00:31","7/11/17","DATA","PRESSURE_S:","-3.30"
"1:00:33","7/11/17","DATA","PRESSURE_S:","-3.30"
"1:00:35","7/11/17","DATA","PRESSURE_S:","-2.70"
"1:00:37","7/11/17","DATA","PRESSURE_S:","-3.60"
"1:00:39","7/11/17","DATA","PRESSURE_S:","-3.00"
"1:00:41","7/11/17","DATA","PRESSURE_S:","-3.30"
"1:00:43","7/11/17","DATA","PRESSURE_S:","-3.60"
"1:00:45","7/11/17","DATA","PRESSURE_S:","-3.30"
"1:00:47","7/11/17","DATA","PRESSURE_S:","-3.60"
"1:00:49","7/11/17","DATA","PRESSURE_S:","-3.30"
"1:00:51","7/11/17","DATA","PRESSURE_S:","-2.80"
"1:00:53","7/11/17","DATA","PRESSURE_S:","-2.80"
"1:00:55","7/11/17","DATA","PRESSURE_S:","-3.90"
"1:00:57","7/11/17","DATA","PRESSURE_S:","-3.30"
"1:00:59","7/11/17","DATA","PRESSURE_S:","-3.30"
"1:01:01","7/11/17","DATA","PRESSURE_S:","-3.30"
"1:01:03","7/11/17","DATA","PRESSURE_S:","-3.60"
"1:01:05","7/11/17","DATA","PRESSURE_S:","-3.30"
"1:01:07","7/11/17","DATA","PRESSURE_S:","-3.00"
"1:01:09","7/11/17","DATA","PRESSURE_S:","-3.10"
"1:01:11","7/11/17","DATA","PRESSURE_S:","-3.30"
"1:01:13","7/11/17","DATA","PRESSURE_S:","-3.30"
"1:01:15","7/11/17","DATA","PRESSURE_S:","-3.10"
"1:01:17","7/11/17","DATA","PRESSURE_S:","-3.10"
"1:01:19","7/11/17","DATA","PRESSURE_S:","-3.60"
"1:01:21","7/11/17","DATA","PRESSURE_S:","-3.60"
"1:01:23","7/11/17","DATA","PRESSURE_S:","-3.30"
"1:01:25","7/11/17","DATA","PRESSURE_S:","-3.10"
"1:01:27","7/11/17","DATA","PRESSURE_S:","-3.10"
"1:01:29","7/11/17","DATA","PRESSURE_S:","-3.10"
"1:01:31","7/11/17","DATA","PRESSURE_S:","-3.40"
"1:01:33","7/11/17","DATA","PRESSURE_S:","-3.10"
"1:01:35","7/11/17","DATA","PRESSURE_S:","-2.80"
"1:01:37","7/11/17","DATA","PRESSURE_S:","-3.40"
"1:01:39","7/11/17","DATA","PRESSURE_S:","-3.40"
"1:01:41","7/11/17","DATA","PRESSURE_S:","-3.40"
"1:01:43","7/11/17","DATA","PRESSURE_S:","-3.10"
"1:01:45","7/11/17","DATA","PRESSURE_S:","-3.40"
"1:01:47","7/11/17","DATA","PRESSURE_S:","-3.10"
"1:01:49","7/11/17","DATA","PRESSURE_S:","-3.10"
"1:01:51","7/11/17","DATA","PRESSURE_S:","-3.40"
"1:01:53","7/11/17","DATA","PRESSURE_S:","-3.40"
"1:01:55","7/11/17","DATA","PRESSURE_S:","-3.40"
"1:01:57","7/11/17","DATA","PRESSURE_S:","-2.50"
"1:01:59","7/11/17","DATA","PRESSURE_S:","-3.40"
"1:02:01","7/11/17","DATA","PRESSURE_S:","-3.70"
"1:02:03","7/11/17","DATA","PRESSURE_S:","-3.40"
"1:02:05","7/11/17","DATA","PRESSURE_S:","-2.80"
"1:02:07","7/11/17","DATA","PRESSURE_S:","-3.40"
"1:02:09","7/11/17","DATA","PRESSURE_S:","-2.50"
"1:02:11","7/11/17","DATA","PRESSURE_S:","-3.70"
"1:02:13","7/11/17","DATA","PRESSURE_S:","-2.50"
"1:02:15","7/11/17","DATA","PRESSURE_S:","-3.70"
"1:02:17","7/11/17","DATA","PRESSURE_S:","-2.80"
"1:02:19","7/11/17","DATA","PRESSURE_S:","-3.40"
"1:02:21","7/11/17","DATA","PRESSURE_S:","-3.70"
"1:02:23","7/11/17","DATA","PRESSURE_S:","-2.60"
"1:02:25","7/11/17","DATA","PRESSURE_S:","-3.10"
"1:02:27","7/11/17","DATA","PRESSURE_S:","-3.70"
"1:02:29","7/11/17","DATA","PRESSURE_S:","-2.80"
"1:02:31","7/11/17","DATA","PRESSURE_S:","-3.10"
"1:02:33","7/11/17","DATA","PRESSURE_S:","-3.40"
"1:02:35","7/11/17","DATA","PRESSURE_S:","-3.10"
"1:02:37","7/11/17","DATA","PRESSURE_S:","-3.40"
"1:02:39","7/11/17","DATA","PRESSURE_S:","-3.70"
"1:02:41","7/11/17","DATA","PRESSURE_S:","-3.70"
"1:02:43","7/11/17","DATA","PRESSURE_S:","-2.80"
"1:02:45","7/11/17","DATA","PRESSURE_S:","-3.10"
"1:02:47","7/11/17","DATA","PRESSURE_S:","-3.40"
"1:02:49","7/11/17","DATA","PRESSURE_S:","-3.40"
"1:02:51","7/11/17","DATA","PRESSURE_S:","-3.40"
"1:02:53","7/11/17","DATA","PRESSURE_S:","-3.70"
"1:02:55","7/11/17","DATA","PRESSURE_S:","-3.70"
"1:02:57","7/11/17","DATA","PRESSURE_S:","-3.10"
"1:03:00","7/11/17","DATA","PRESSURE_S:","-3.70"
"1:03:01","7/11/17","DATA","PRESSURE_S:","-3.10"
"1:03:04","7/11/17","DATA","PRESSURE_S:","-2.90"
"1:03:05","7/11/17","DATA","PRESSURE_S:","-3.70"
"1:03:07","7/11/17","DATA","PRESSURE_S:","-3.10"
"1:03:09","7/11/17","DATA","PRESSURE_S:","-3.10"
"1:03:11","7/11/17","DATA","PRESSURE_S:","-4.00"
"1:03:13","7/11/17","DATA","PRESSURE_S:","-3.40"
"1:03:15","7/11/17","DATA","PRESSURE_S:","-3.10"
"1:03:17","7/11/17","DATA","PRESSURE_S:","-3.20"
"1:03:19","7/11/17","DATA","PRESSURE_S:","-3.40"
"1:03:22","7/11/17","DATA","PRESSURE_S:","-3.70"
"1:03:23","7/11/17","DATA","PRESSURE_S:","-3.20"
"1:03:26","7/11/17","DATA","PRESSURE_S:","-3.70"
"1:03:27","7/11/17","DATA","PRESSURE_S:","-3.20"
"1:03:29","7/11/17","DATA","PRESSURE_S:","-3.20"
"1:03:31","7/11/17","DATA","PRESSURE_S:","-4.00"
"1:03:33","7/11/17","DATA","PRESSURE_S:","-2.90"
"1:03:35","7/11/17","DATA","PRESSURE_S:","-3.20"
"1:03:37","7/11/17","DATA","PRESSURE_S:","-4.00"
"1:03:39","7/11/17","DATA","PRESSURE_S:","-3.50"
"1:03:41","7/11/17","DATA","PRESSURE_S:","-2.60"
"1:03:44","7/11/17","DATA","PRESSURE_S:","-3.20"
"1:03:45","7/11/17","DATA","PRESSURE_S:","-2.90"
"1:03:48","7/11/17","DATA","PRESSURE_S:","-2.90"
"1:03:49","7/11/17","DATA","PRESSURE_S:","-3.20"
"1:03:51","7/11/17","DATA","PRESSURE_S:","-3.70"
"1:03:53","7/11/17","DATA","PRESSURE_S:","-3.20"
"1:03:55","7/11/17","DATA","PRESSURE_S:","-3.20"
"1:03:57","7/11/17","DATA","PRESSURE_S:","-3.50"
"1:03:59","7/11/17","DATA","PRESSURE_S:","-3.70"
"1:04:02","7/11/17","DATA","PRESSURE_S:","-3.20"
"1:04:03","7/11/17","DATA","PRESSURE_S:","-3.20"
"1:04:06","7/11/17","DATA","PRESSURE_S:","-3.50"
"1:04:07","7/11/17","DATA","PRESSURE_S:","-3.50"
"1:04:10","7/11/17","DATA","PRESSURE_S:","-2.90"
"1:04:11","7/11/17","DATA","PRESSURE_S:","-3.50"
"1:04:13","7/11/17","DATA","PRESSURE_S:","-3.20"
"1:04:15","7/11/17","DATA","PRESSURE_S:","-3.20"
"1:04:17","7/11/17","DATA","PRESSURE_S:","-2.40"
"1:04:19","7/11/17","DATA","PRESSURE_S:","-3.20"
"1:04:21","7/11/17","DATA","PRESSURE_S:","-3.50"
"1:04:24","7/11/17","DATA","PRESSURE_S:","-3.50"
"1:04:25","7/11/17","DATA","PRESSURE_S:","-3.50"
"1:04:28","7/11/17","DATA","PRESSURE_S:","-3.80"
"1:04:29","7/11/17","DATA","PRESSURE_S:","-3.20"
"1:04:32","7/11/17","DATA","PRESSURE_S:","-3.50"
"1:04:33","7/11/17","DATA","PRESSURE_S:","-2.60"
"1:04:35","7/11/17","DATA","PRESSURE_S:","-3.20"
"1:04:37","7/11/17","DATA","PRESSURE_S:","-3.50"
"1:04:39","7/11/17","DATA","PRESSURE_S:","-3.80"
"1:04:41","7/11/17","DATA","PRESSURE_S:","-2.90"
"1:04:43","7/11/17","DATA","PRESSURE_S:","-3.20"
"1:04:46","7/11/17","DATA","PRESSURE_S:","-3.20"
"1:04:47","7/11/17","DATA","PRESSURE_S:","-3.20"
"1:04:50","7/11/17","DATA","PRESSURE_S:","-3.50"
"1:04:51","7/11/17","DATA","PRESSURE_S:","-2.90"
"1:04:54","7/11/17","DATA","PRESSURE_S:","-3.20"
"1:04:55","7/11/17","DATA","PRESSURE_S:","-3.20"
"1:04:57","7/11/17","DATA","PRESSURE_S:","-2.90"
"1:04:59","7/11/17","DATA","PRESSURE_S:","-2.40"
"1:05:01","7/11/17","DATA","PRESSURE_S:","-3.20"
"1:05:04","7/11/17","DATA","PRESSURE_S:","-3.50"
"1:05:05","7/11/17","DATA","PRESSURE_S:","-3.20"
"1:05:08","7/11/17","DATA","PRESSURE_S:","-3.50"
"1:05:09","7/11/17","DATA","PRESSURE_S:","-3.20"
"1:05:12","7/11/17","DATA","PRESSURE_S:","-3.50"
"1:05:13","7/11/17","DATA","PRESSURE_S:","-3.50"
"1:05:16","7/11/17","DATA","PRESSURE_S:","-2.90"
"1:05:17","7/11/17","DATA","PRESSURE_S:","-3.50"
"1:05:19","7/11/17","DATA","PRESSURE_S:","-3.50"
"1:05:21","7/11/17","DATA","PRESSURE_S:","-3.20"
"1:05:23","7/11/17","DATA","PRESSURE_S:","-3.00"
"1:05:26","7/11/17","DATA","PRESSURE_S:","-3.50"
"1:05:27","7/11/17","DATA","PRESSURE_S:","-3.50"
"1:05:30","7/11/17","DATA","PRESSURE_S:","-3.20"
"1:05:31","7/11/17","DATA","PRESSURE_S:","-3.20"
"1:05:34","7/11/17","DATA","PRESSURE_S:","-3.50"
"1:05:35","7/11/17","DATA","PRESSURE_S:","-3.50"
"1:05:38","7/11/17","DATA","PRESSURE_S:","-3.80"
"1:05:39","7/11/17","DATA","PRESSURE_S:","-3.50"
"1:05:41","7/11/17","DATA","PRESSURE_S:","-3.50"
"1:05:43","7/11/17","DATA","PRESSURE_S:","-3.80"
"1:05:45","7/11/17","DATA","PRESSURE_S:","-3.30"
"1:05:48","7/11/17","DATA","PRESSURE_S:","-3.50"
"1:05:49","7/11/17","DATA","PRESSURE_S:","-3.30"
"1:05:52","7/11/17","DATA","PRESSURE_S:","-3.80"
"1:05:53","7/11/17","DATA","PRESSURE_S:","-3.50"
"1:05:56","7/11/17","DATA","PRESSURE_S:","-3.50"
"1:05:57","7/11/17","DATA","PRESSURE_S:","-3.80"
"1:06:00","7/11/17","DATA","PRESSURE_S:","-3.80"
"1:06:01","7/11/17","DATA","PRESSURE_S:","-3.00"
"1:06:04","7/11/17","DATA","PRESSURE_S:","-3.50"
"1:06:06","7/11/17","DATA","PRESSURE_S:","-3.50"
"1:06:07","7/11/17","DATA","PRESSURE_S:","-3.50"
"1:06:10","7/11/17","DATA","PRESSURE_S:","-2.70"
"1:06:11","7/11/17","DATA","PRESSURE_S:","-3.00"
"1:06:14","7/11/17","DATA","PRESSURE_S:","-3.80"
"1:06:15","7/11/17","DATA","PRESSURE_S:","-3.00"
"1:06:18","7/11/17","DATA","PRESSURE_S:","-3.80"
"1:06:19","7/11/17","DATA","PRESSURE_S:","-3.00"
"1:06:22","7/11/17","DATA","PRESSURE_S:","-3.50"
"1:06:23","7/11/17","DATA","PRESSURE_S:","-3.00"
"1:06:26","7/11/17","DATA","PRESSURE_S:","-3.00"
"1:06:28","7/11/17","DATA","PRESSURE_S:","-3.30"
"1:06:29","7/11/17","DATA","PRESSURE_S:","-3.60"
"1:06:32","7/11/17","DATA","PRESSURE_S:","-3.60"
"1:06:33","7/11/17","DATA","PRESSURE_S:","-2.70"
"1:06:36","7/11/17","DATA","PRESSURE_S:","-3.60"
"1:06:37","7/11/17","DATA","PRESSURE_S:","-3.60"
"1:06:40","7/11/17","DATA","PRESSURE_S:","-3.30"
"1:06:41","7/11/17","DATA","PRESSURE_S:","-3.30"
"1:06:44","7/11/17","DATA","PRESSURE_S:","-3.30"
"1:06:45","7/11/17","DATA","PRESSURE_S:","-3.80"
"1:06:48","7/11/17","DATA","PRESSURE_S:","-3.00"
"1:06:50","7/11/17","DATA","PRESSURE_S:","-3.00"
"1:06:51","7/11/17","DATA","PRESSURE_S:","-3.60"
"1:06:54","7/11/17","DATA","PRESSURE_S:","-3.00"
"1:06:55","7/11/17","DATA","PRESSURE_S:","-3.30"
"1:06:58","7/11/17","DATA","PRESSURE_S:","-2.70"
"1:06:59","7/11/17","DATA","PRESSURE_S:","-3.60"
"1:07:02","7/11/17","DATA","PRESSURE_S:","-3.30"
"1:07:03","7/11/17","DATA","PRESSURE_S:","-3.00"
"1:07:06","7/11/17","DATA","PRESSURE_S:","-3.00"
"1:07:08","7/11/17","DATA","PRESSURE_S:","-3.30"
"1:07:10","7/11/17","DATA","PRESSURE_S:","-3.30"
"1:07:12","7/11/17","DATA","PRESSURE_S:","-3.30"
"1:07:13","7/11/17","DATA","PRESSURE_S:","-3.30"
"1:07:16","7/11/17","DATA","PRESSURE_S:","-3.30"
"1:07:17","7/11/17","DATA","PRESSURE_S:","-2.70"
"1:07:20","7/11/17","DATA","PRESSURE_S:","-3.00"
"1:07:21","7/11/17","DATA","PRESSURE_S:","-3.60"
"1:07:24","7/11/17","DATA","PRESSURE_S:","-3.00"
"1:07:25","7/11/17","DATA","PRESSURE_S:","-3.30"
"1:07:28","7/11/17","DATA","PRESSURE_S:","-3.00"
"1:07:30","7/11/17","DATA","PRESSURE_S:","-3.60"
"1:07:32","7/11/17","DATA","PRESSURE_S:","-3.30"
"1:07:34","7/11/17","DATA","PRESSURE_S:","-3.30"
"1:07:35","7/11/17","DATA","PRESSURE_S:","-3.00"
"1:07:38","7/11/17","DATA","PRESSURE_S:","-3.00"
"1:07:39","7/11/17","DATA","PRESSURE_S:","-3.00"
"1:07:42","7/11/17","DATA","PRESSURE_S:","-3.60"
"1:07:43","7/11/17","DATA","PRESSURE_S:","-2.80"
"1:07:46","7/11/17","DATA","PRESSURE_S:","-3.30"
"1:07:47","7/11/17","DATA","PRESSURE_S:","-3.00"
"1:07:50","7/11/17","DATA","PRESSURE_S:","-3.30"
"1:07:52","7/11/17","DATA","PRESSURE_S:","-3.30"
"1:07:54","7/11/17","DATA","PRESSURE_S:","-3.00"
"1:07:56","7/11/17","DATA","PRESSURE_S:","-3.60"
"1:07:57","7/11/17","DATA","PRESSURE_S:","-3.30"
"1:08:00","7/11/17","DATA","PRESSURE_S:","-3.30"
"1:08:01","7/11/17","DATA","PRESSURE_S:","-3.10"
"1:08:04","7/11/17","DATA","PRESSURE_S:","-3.10"
"1:08:05","7/11/17","DATA","PRESSURE_S:","-3.30"
"1:08:08","7/11/17","DATA","PRESSURE_S:","-2.80"
"1:08:10","7/11/17","DATA","PRESSURE_S:","-3.30"
"1:08:12","7/11/17","DATA","PRESSURE_S:","-3.10"
"1:08:14","7/11/17","DATA","PRESSURE_S:","-3.30"
"1:08:16","7/11/17","DATA","PRESSURE_S:","-2.50"
"1:08:18","7/11/17","DATA","PRESSURE_S:","-3.10"
"1:08:19","7/11/17","DATA","PRESSURE_S:","-3.40"
"1:08:22","7/11/17","DATA","PRESSURE_S:","-3.60"
"1:08:23","7/11/17","DATA","PRESSURE_S:","-3.90"
"1:08:26","7/11/17","DATA","PRESSURE_S:","-3.60"
"1:08:27","7/11/17","DATA","PRESSURE_S:","-2.80"
"1:08:30","7/11/17","DATA","PRESSURE_S:","-3.60"
"1:08:32","7/11/17","DATA","PRESSURE_S:","-4.20"
"1:08:34","7/11/17","DATA","PRESSURE_S:","-3.40"
"1:08:36","7/11/17","DATA","PRESSURE_S:","-3.40"
"1:08:38","7/11/17","DATA","PRESSURE_S:","-3.40"
"1:08:40","7/11/17","DATA","PRESSURE_S:","-3.40"
"1:08:41","7/11/17","DATA","PRESSURE_S:","-3.10"
"1:08:44","7/11/17","DATA","PRESSURE_S:","-3.40"
"1:08:45","7/11/17","DATA","PRESSURE_S:","-2.80"
"1:08:48","7/11/17","DATA","PRESSURE_S:","-2.80"
"1:08:50","7/11/17","DATA","PRESSURE_S:","-3.40"
"1:08:52","7/11/17","DATA","PRESSURE_S:","-3.10"
"1:08:54","7/11/17","DATA","PRESSURE_S:","-3.40"
"1:08:56","7/11/17","DATA","PRESSURE_S:","-3.60"
"1:08:58","7/11/17","DATA","PRESSURE_S:","-3.10"
"1:09:00","7/11/17","DATA","PRESSURE_S:","-3.60"
"1:09:02","7/11/17","DATA","PRESSURE_S:","-3.10"
"1:09:03","7/11/17","DATA","PRESSURE_S:","-3.40"
"1:09:06","7/11/17","DATA","PRESSURE_S:","-3.40"
"1:09:07","7/11/17","DATA","PRESSURE_S:","-3.40"
"1:09:10","7/11/17","DATA","PRESSURE_S:","-3.40"
"1:09:12","7/11/17","DATA","PRESSURE_S:","-2.80"
"1:09:14","7/11/17","DATA","PRESSURE_S:","-3.10"
"1:09:16","7/11/17","DATA","PRESSURE_S:","-3.70"
"1:09:18","7/11/17","DATA","PRESSURE_S:","-3.40"
"1:09:20","7/11/17","DATA","PRESSURE_S:","-3.40"
"1:09:22","7/11/17","DATA","PRESSURE_S:","-3.10"
"1:09:24","7/11/17","DATA","PRESSURE_S:","-3.40"
"1:09:26","7/11/17","DATA","PRESSURE_S:","-3.10"
"1:09:28","7/11/17","DATA","PRESSURE_S:","-2.80"
"1:09:29","7/11/17","DATA","PRESSURE_S:","-2.80"
"1:09:32","7/11/17","DATA","PRESSURE_S:","-3.10"
"1:09:34","7/11/17","DATA","PRESSURE_S:","-3.70"
"1:09:36","7/11/17","DATA","PRESSURE_S:","-3.40"
"1:09:38","7/11/17","DATA","PRESSURE_S:","-3.40"
"1:09:40","7/11/17","DATA","PRESSURE_S:","-3.70"
"1:09:42","7/11/17","DATA","PRESSURE_S:","-2.80"
"1:09:44","7/11/17","DATA","PRESSURE_S:","-3.70"
"1:09:46","7/11/17","DATA","PRESSURE_S:","3.00"
"1:09:48","7/11/17","DATA","PRESSURE_S:","25.40"
"1:09:50","7/11/17","DATA","PRESSURE_S:","46.60"
"1:09:52","7/11/17","DATA","PRESSURE_S:","67.60"
"1:09:54","7/11/17","DATA","PRESSURE_S:","109.40"
"1:09:56","7/11/17","DATA","PRESSURE_S:","169.90"
"1:09:58","7/11/17","DATA","PRESSURE_S:","251.40"
"1:10:00","7/11/17","DATA","PRESSURE_S:","312.00"
"1:10:02","7/11/17","DATA","PRESSURE_S:","396.60"
"1:10:04","7/11/17","DATA","PRESSURE_S:","462.50"
"1:10:06","7/11/17","DATA","PRESSURE_S:","550.10"
"1:10:08","7/11/17","DATA","PRESSURE_S:","613.80"
"1:10:10","7/11/17","DATA","PRESSURE_S:","692.40"
"1:10:12","7/11/17","DATA","PRESSURE_S:","746.90"
"1:10:14","7/11/17","DATA","PRESSURE_S:","796.40"
"1:10:16","7/11/17","DATA","PRESSURE_S:","856.00"
"1:10:18","7/11/17","DATA","PRESSURE_S:","893.70"
"1:10:20","7/11/17","DATA","PRESSURE_S:","936.80"
"1:10:22","7/11/17","DATA","PRESSURE_S:","961.50"
"1:10:24","7/11/17","DATA","PRESSURE_S:","986.10"
"1:10:26","7/11/17","DATA","PRESSURE_S:","997.90"
"1:10:28","7/11/17","DATA","PRESSURE_S:","1006.10"
"1:10:30","7/11/17","DATA","PRESSURE_S:","1008.10"
"1:10:32","7/11/17","DATA","PRESSURE_S:","1005.30"
"1:10:34","7/11/17","DATA","PRESSURE_S:","1004.20"
"1:10:36","7/11/17","DATA","PRESSURE_S:","1002.50"
"1:10:38","7/11/17","DATA","PRESSURE_S:","1000.30"
"1:10:40","7/11/17","DATA","PRESSURE_S:","1000.00"
"1:10:42","7/11/17","DATA","PRESSURE_S:","998.60"
"1:10:44","7/11/17","DATA","PRESSURE_S:","997.10"
"1:10:46","7/11/17","DATA","PRESSURE_S:","996.60"
"1:10:48","7/11/17","DATA","PRESSURE_S:","996.50"
"1:10:50","7/11/17","DATA","PRESSURE_S:","995.40"
"1:10:52","7/11/17","DATA","PRESSURE_S:","995.40"
"1:10:54","7/11/17","DATA","PRESSURE_S:","995.00"
"1:10:56","7/11/17","DATA","PRESSURE_S:","993.60"
"1:10:58","7/11/17","DATA","PRESSURE_S:","993.90"
"1:11:00","7/11/17","DATA","PRESSURE_S:","993.00"
"1:11:02","7/11/17","DATA","PRESSURE_S:","992.90"
"1:11:04","7/11/17","DATA","PRESSURE_S:","993.20"
"1:11:06","7/11/17","DATA","PRESSURE_S:","992.30"
"1:11:08","7/11/17","DATA","PRESSURE_S:","991.40"
"1:11:10","7/11/17","DATA","PRESSURE_S:","991.90"
"1:11:12","7/11/17","DATA","PRESSURE_S:","991.60"
"1:11:14","7/11/17","DATA","PRESSURE_S:","991.30"
"1:11:16","7/11/17","DATA","PRESSURE_S:","991.20"
"1:11:18","7/11/17","DATA","PRESSURE_S:","991.20"
"1:11:20","7/11/17","DATA","PRESSURE_S:","990.80"
"1:11:22","7/11/17","DATA","PRESSURE_S:","990.50"
"1:11:24","7/11/17","DATA","PRESSURE_S:","991.10"
"1:11:26","7/11/17","DATA","PRESSURE_S:","990.70"
"1:11:28","7/11/17","DATA","PRESSURE_S:","989.80"
"1:11:30","7/11/17","DATA","PRESSURE_S:","990.30"
"1:11:32","7/11/17","DATA","PRESSURE_S:","990.00"
"1:11:34","7/11/17","DATA","PRESSURE_S:","990.00"
"1:11:36","7/11/17","DATA","PRESSURE_S:","990.20"
"1:11:38","7/11/17","DATA","PRESSURE_S:","989.10"
"1:11:40","7/11/17","DATA","PRESSURE_S:","989.60"
"1:11:42","7/11/17","DATA","PRESSURE_S:","989.30"
"1:11:44","7/11/17","DATA","PRESSURE_S:","990.10"
"1:11:46","7/11/17","DATA","PRESSURE_S:","990.00"
"1:11:48","7/11/17","DATA","PRESSURE_S:","989.10"
"1:11:50","7/11/17","DATA","PRESSURE_S:","989.70"
"1:11:52","7/11/17","DATA","PRESSURE_S:","989.30"
"1:11:54","7/11/17","DATA","PRESSURE_S:","989.30"
"1:11:56","7/11/17","DATA","PRESSURE_S:","988.40"
"1:11:58","7/11/17","DATA","PRESSURE_S:","989.20"
"1:12:00","7/11/17","DATA","PRESSURE_S:","988.60"
"1:12:02","7/11/17","DATA","PRESSURE_S:","988.60"
"1:12:04","7/11/17","DATA","PRESSURE_S:","988.00"
"1:12:06","7/11/17","DATA","PRESSURE_S:","989.10"
"1:12:08","7/11/17","DATA","PRESSURE_S:","988.50"
"1:12:10","7/11/17","DATA","PRESSURE_S:","989.00"
"1:12:12","7/11/17","DATA","PRESSURE_S:","988.40"
"1:12:14","7/11/17","DATA","PRESSURE_S:","988.60"
"1:12:16","7/11/17","DATA","PRESSURE_S:","988.90"
"1:12:18","7/11/17","DATA","PRESSURE_S:","989.10"
"1:12:20","7/11/17","DATA","PRESSURE_S:","988.50"
"1:12:22","7/11/17","DATA","PRESSURE_S:","989.00"
"1:12:24","7/11/17","DATA","PRESSURE_S:","988.70"
"1:12:26","7/11/17","DATA","PRESSURE_S:","988.70"
"1:12:28","7/11/17","DATA","PRESSURE_S:","988.40"
"1:12:30","7/11/17","DATA","PRESSURE_S:","988.90"
"1:12:32","7/11/17","DATA","PRESSURE_S:","988.00"
"1:12:34","7/11/17","DATA","PRESSURE_S:","988.50"
"1:12:36","7/11/17","DATA","PRESSURE_S:","988.20"
"1:12:38","7/11/17","DATA","PRESSURE_S:","988.50"
"1:12:40","7/11/17","DATA","PRESSURE_S:","988.40"
"1:12:42","7/11/17","DATA","PRESSURE_S:","988.70"
"1:12:44","7/11/17","DATA","PRESSURE_S:","988.10"
"1:12:46","7/11/17","DATA","PRESSURE_S:","988.30"
"1:12:48","7/11/17","DATA","PRESSURE_S:","987.50"
"1:12:50","7/11/17","DATA","PRESSURE_S:","988.00"
"1:12:52","7/11/17","DATA","PRESSURE_S:","988.00"
